task_id,task_name,scenario_name,num_features,num_instances,num_classes,fold,features_per_group,duplicate_factor,masks_injected,n_estimators,accuracy,f1_weighted,roc_auc_score,analysis_type
363620,Bioresponse,A_n1,1776,3751,2,0,1,1,0,1,0.7106314948041567,0.6933018978075965,0.8102750621631222,grouping
363620,Bioresponse,A_n1,1776,3751,2,1,1,1,0,1,0.7688,0.768784050556687,0.8445525713224827,grouping
363620,Bioresponse,A_n1,1776,3751,2,2,1,1,0,1,0.776,0.7761856533568078,0.8509550921055345,grouping
363620,Bioresponse,A_n1,1776,3751,2,3,1,1,0,1,0.7657873701039168,0.76514887204045,0.8390747347449383,grouping
363620,Bioresponse,A_n1,1776,3751,2,4,1,1,0,1,0.7696,0.7690882240096928,0.8534240464550199,grouping
363620,Bioresponse,A_n1,1776,3751,2,5,1,1,0,1,0.776,0.775676840382542,0.8522765950863296,grouping
363620,Bioresponse,A_n1,1776,3751,2,6,1,1,0,1,0.771382893685052,0.771470212718714,0.8407118256652611,grouping
363620,Bioresponse,A_n1,1776,3751,2,7,1,1,0,1,0.7736,0.7738946516540816,0.8416684716463478,grouping
363620,Bioresponse,A_n1,1776,3751,2,8,1,1,0,1,0.7824,0.7822010290744529,0.8546617468077646,grouping
363677,hiva_agnostic,A_n1,1617,3845,3,0,1,1,0,1,0.9648985959438378,0.9476614237257065,0.5444190242269266,grouping
363677,hiva_agnostic,A_n1,1617,3845,3,1,1,1,0,1,0.9648985959438378,0.9476614237257065,0.4866164971239589,grouping
363677,hiva_agnostic,A_n1,1617,3845,3,2,1,1,0,1,0.9648711943793911,0.9476208154572328,0.48230458090106065,grouping
363677,hiva_agnostic,A_n1,1617,3845,3,3,1,1,0,1,0.9648985959438378,0.9476614237257065,0.5302093028615501,grouping
363677,hiva_agnostic,A_n1,1617,3845,3,4,1,1,0,1,0.9648985959438378,0.9476614237257065,0.5277791850656236,grouping
363677,hiva_agnostic,A_n1,1617,3845,3,5,1,1,0,1,0.9648711943793911,0.9476208154572328,0.4519231697232542,grouping
363677,hiva_agnostic,A_n1,1617,3845,3,6,1,1,0,1,0.9648985959438378,0.9476614237257065,0.5120188061340005,grouping
363677,hiva_agnostic,A_n1,1617,3845,3,7,1,1,0,1,0.9648985959438378,0.9476614237257065,0.4924836425004382,grouping
363677,hiva_agnostic,A_n1,1617,3845,3,8,1,1,0,1,0.9648711943793911,0.9476208154572328,0.5025461314107792,grouping
363711,MIC,A_n1,111,1699,8,0,1,1,0,1,0.892416225749559,0.8574439216070395,0.8826320695037313,grouping
363711,MIC,A_n1,111,1699,8,1,1,1,0,1,0.8939929328621908,0.8552842312579026,0.8934354036144657,grouping
363711,MIC,A_n1,111,1699,8,2,1,1,0,1,0.8851590106007067,0.8482541599974364,0.8801163576588931,grouping
363711,MIC,A_n1,111,1699,8,4,1,1,0,1,0.8833922261484098,0.8426454159412753,0.8754186711462044,grouping
363711,MIC,A_n1,111,1699,8,5,1,1,0,1,0.901060070671378,0.8610274046566319,0.8735046326008621,grouping
363711,MIC,A_n1,111,1699,8,6,1,1,0,1,0.8871252204585538,0.8498447632229932,0.8413511597129884,grouping
363711,MIC,A_n1,111,1699,8,7,1,1,0,1,0.8904593639575972,0.8547773830708186,0.9046289685163313,grouping
363711,MIC,A_n1,111,1699,8,8,1,1,0,1,0.8869257950530035,0.8486041880865806,0.8588931205410198,grouping
363711,MIC,A_n1,111,1699,8,9,1,1,0,1,0.8835978835978836,0.8474475111150551,0.8726294463277826,grouping
363711,MIC,A_n1,111,1699,8,10,1,1,0,1,0.892226148409894,0.8553541250576125,0.8711604077500851,grouping
363711,MIC,A_n1,111,1699,8,11,1,1,0,1,0.8851590106007067,0.8508628895326719,0.9003662178213472,grouping
363711,MIC,A_n1,111,1699,8,12,1,1,0,1,0.8959435626102292,0.8596153790778328,0.8871774695312996,grouping
363711,MIC,A_n1,111,1699,8,13,1,1,0,1,0.8833922261484098,0.8513985307170451,0.850012423441321,grouping
363711,MIC,A_n1,111,1699,8,14,1,1,0,1,0.8851590106007067,0.8473547871138232,0.9001186592060104,grouping
363711,MIC,A_n1,111,1699,8,15,1,1,0,1,0.8853615520282186,0.8493738585643045,0.8774389131204094,grouping
363711,MIC,A_n1,111,1699,8,16,1,1,0,1,0.8869257950530035,0.8457033393672196,0.887887276853007,grouping
363711,MIC,A_n1,111,1699,8,17,1,1,0,1,0.8886925795053003,0.8542023584910852,0.8634874708366853,grouping
363711,MIC,A_n1,111,1699,8,18,1,1,0,1,0.8800705467372134,0.845274308129169,0.867504011808239,grouping
363711,MIC,A_n1,111,1699,8,19,1,1,0,1,0.8886925795053003,0.8568528219306926,0.8812074795782003,grouping
363711,MIC,A_n1,111,1699,8,20,1,1,0,1,0.8886925795053003,0.8475838845789425,0.8752252568282749,grouping
363711,MIC,A_n1,111,1699,8,21,1,1,0,1,0.8835978835978836,0.8432613829439226,0.8777110237956589,grouping
363711,MIC,A_n1,111,1699,8,22,1,1,0,1,0.8886925795053003,0.8525267397246081,0.8718412390514945,grouping
363711,MIC,A_n1,111,1699,8,23,1,1,0,1,0.8886925795053003,0.8591075946972901,0.8766787875399735,grouping
363711,MIC,A_n1,111,1699,8,24,1,1,0,1,0.8871252204585538,0.8543688572014436,0.8924246223286463,grouping
363711,MIC,A_n1,111,1699,8,25,1,1,0,1,0.8904593639575972,0.8495662331762821,0.8669582993222897,grouping
363711,MIC,A_n1,111,1699,8,26,1,1,0,1,0.8780918727915195,0.8434099462107938,0.8822073655699767,grouping
363711,MIC,A_n1,111,1699,8,27,1,1,0,1,0.8871252204585538,0.8539316970273078,0.8799731211264729,grouping
363711,MIC,A_n1,111,1699,8,28,1,1,0,1,0.8957597173144877,0.8588576693643375,0.8981274254792346,grouping
363711,MIC,A_n1,111,1699,8,29,1,1,0,1,0.872791519434629,0.8356999335528302,0.8375515496774819,grouping
363620,Bioresponse,A_n8,1776,3751,2,0,1,1,0,8,0.8033573141486811,0.803076409076214,0.8832929208687909,grouping
363620,Bioresponse,A_n8,1776,3751,2,1,1,1,0,8,0.7872,0.7868532731937433,0.857589681704726,grouping
363620,Bioresponse,A_n8,1776,3751,2,2,1,1,0,8,0.7888,0.7886756928668787,0.8704746580852776,grouping
363620,Bioresponse,A_n8,1776,3751,2,3,1,1,0,8,0.7897681854516387,0.7898849369872105,0.8629116537192336,grouping
363620,Bioresponse,A_n8,1776,3751,2,4,1,1,0,8,0.8024,0.802386368468864,0.8749097510159457,grouping
363620,Bioresponse,A_n8,1776,3751,2,5,1,1,0,8,0.7984,0.798145722970039,0.8776765270128102,grouping
363620,Bioresponse,A_n8,1776,3751,2,6,1,1,0,8,0.8033573141486811,0.8030025917027536,0.8717676463471766,grouping
363620,Bioresponse,A_n8,1776,3751,2,7,1,1,0,8,0.7976,0.7973977750350537,0.8734670565422777,grouping
363620,Bioresponse,A_n8,1776,3751,2,8,1,1,0,8,0.7952,0.7944239524936673,0.8769416424283683,grouping
363677,hiva_agnostic,A_n8,1617,3845,3,0,1,1,0,8,0.9648985959438378,0.9476614237257065,0.5098978113351479,grouping
363677,hiva_agnostic,A_n8,1617,3845,3,1,1,1,0,8,0.9648985959438378,0.9476614237257065,0.5166147395296077,grouping
363677,hiva_agnostic,A_n8,1617,3845,3,2,1,1,0,8,0.9648711943793911,0.9476208154572328,0.406680525254423,grouping
363677,hiva_agnostic,A_n8,1617,3845,3,3,1,1,0,8,0.9648985959438378,0.9476614237257065,0.4404584094104411,grouping
363677,hiva_agnostic,A_n8,1617,3845,3,4,1,1,0,8,0.9648985959438378,0.9476614237257065,0.5213681622767345,grouping
363677,hiva_agnostic,A_n8,1617,3845,3,5,1,1,0,8,0.9648711943793911,0.9476208154572328,0.5225078229115577,grouping
363677,hiva_agnostic,A_n8,1617,3845,3,6,1,1,0,8,0.9648985959438378,0.9476614237257065,0.5096721429190088,grouping
363677,hiva_agnostic,A_n8,1617,3845,3,7,1,1,0,8,0.9648985959438378,0.9476614237257065,0.49957071252960866,grouping
363677,hiva_agnostic,A_n8,1617,3845,3,8,1,1,0,8,0.9648711943793911,0.9476208154572328,0.5847117736814956,grouping
363711,MIC,A_n8,111,1699,8,0,1,1,0,8,0.8941798941798942,0.8578326559547217,0.884709701275687,grouping
363711,MIC,A_n8,111,1699,8,1,1,1,0,8,0.8886925795053003,0.8485377417120941,0.8982567451803192,grouping
363711,MIC,A_n8,111,1699,8,2,1,1,0,8,0.8851590106007067,0.8446068992756537,0.888762604524557,grouping
363711,MIC,A_n8,111,1699,8,4,1,1,0,8,0.8833922261484098,0.839993185167074,0.8943789516285052,grouping
363711,MIC,A_n8,111,1699,8,5,1,1,0,8,0.8975265017667845,0.8620722511642775,0.881043732608414,grouping
363711,MIC,A_n8,111,1699,8,6,1,1,0,8,0.8888888888888888,0.8516489969582226,0.8639682969566685,grouping
363711,MIC,A_n8,111,1699,8,7,1,1,0,8,0.8833922261484098,0.8451354252209389,0.920543044064232,grouping
363711,MIC,A_n8,111,1699,8,8,1,1,0,8,0.8869257950530035,0.8476386944338367,0.8561950603338171,grouping
363711,MIC,A_n8,111,1699,8,9,1,1,0,8,0.8818342151675485,0.8413286374229301,0.8864014835377536,grouping
363711,MIC,A_n8,111,1699,8,10,1,1,0,8,0.8975265017667845,0.8570659022955842,0.8822864279146764,grouping
363711,MIC,A_n8,111,1699,8,11,1,1,0,8,0.8833922261484098,0.8474101919580446,0.9040773556374905,grouping
363711,MIC,A_n8,111,1699,8,12,1,1,0,8,0.892416225749559,0.8539860387771271,0.885521495088645,grouping
363711,MIC,A_n8,111,1699,8,13,1,1,0,8,0.8851590106007067,0.8484248218051068,0.8622724484222186,grouping
363711,MIC,A_n8,111,1699,8,14,1,1,0,8,0.8833922261484098,0.8451267985519527,0.9016815740841342,grouping
363711,MIC,A_n8,111,1699,8,15,1,1,0,8,0.8888888888888888,0.8535647007732928,0.8881801662735318,grouping
363711,MIC,A_n8,111,1699,8,16,1,1,0,8,0.8886925795053003,0.8486140399998583,0.8778737913082352,grouping
363711,MIC,A_n8,111,1699,8,17,1,1,0,8,0.8904593639575972,0.8555882453270174,0.8750990497593077,grouping
363711,MIC,A_n8,111,1699,8,18,1,1,0,8,0.8835978835978836,0.8480706132766644,0.8848967777043419,grouping
363711,MIC,A_n8,111,1699,8,19,1,1,0,8,0.8886925795053003,0.858753322729068,0.8914717928934608,grouping
363711,MIC,A_n8,111,1699,8,20,1,1,0,8,0.892226148409894,0.8503532037931393,0.8821889789256401,grouping
363711,MIC,A_n8,111,1699,8,21,1,1,0,8,0.8853615520282186,0.8453197917525404,0.8747159604383405,grouping
363711,MIC,A_n8,111,1699,8,22,1,1,0,8,0.892226148409894,0.856307829470854,0.889385188160899,grouping
363711,MIC,A_n8,111,1699,8,23,1,1,0,8,0.8851590106007067,0.8489050973011132,0.9023547804678644,grouping
363711,MIC,A_n8,111,1699,8,24,1,1,0,8,0.8871252204585538,0.8533693479391057,0.896573032548156,grouping
363711,MIC,A_n8,111,1699,8,25,1,1,0,8,0.892226148409894,0.8507069698156328,0.8768506893442196,grouping
363711,MIC,A_n8,111,1699,8,26,1,1,0,8,0.8851590106007067,0.8512007879468924,0.8930518782848403,grouping
363711,MIC,A_n8,111,1699,8,27,1,1,0,8,0.8959435626102292,0.8593403552425546,0.8866673790623409,grouping
363711,MIC,A_n8,111,1699,8,28,1,1,0,8,0.8939929328621908,0.8524916669293728,0.9079893133053507,grouping
363711,MIC,A_n8,111,1699,8,29,1,1,0,8,0.8780918727915195,0.84281659514029,0.8413946519474894,grouping
363620,Bioresponse,B_n1,1776,3751,2,0,2,1,0,1,0.7106314948041567,0.6933018978075965,0.8102750621631222,grouping
363620,Bioresponse,B_n1,1776,3751,2,1,2,1,0,1,0.7688,0.768784050556687,0.8445525713224827,grouping
363620,Bioresponse,B_n1,1776,3751,2,2,2,1,0,1,0.776,0.7761856533568078,0.8509550921055345,grouping
363620,Bioresponse,B_n1,1776,3751,2,3,2,1,0,1,0.7657873701039168,0.76514887204045,0.8390747347449383,grouping
363620,Bioresponse,B_n1,1776,3751,2,4,2,1,0,1,0.7696,0.7690882240096928,0.8534240464550199,grouping
363620,Bioresponse,B_n1,1776,3751,2,5,2,1,0,1,0.776,0.775676840382542,0.8522765950863296,grouping
363620,Bioresponse,B_n1,1776,3751,2,6,2,1,0,1,0.771382893685052,0.771470212718714,0.8407118256652611,grouping
363620,Bioresponse,B_n1,1776,3751,2,7,2,1,0,1,0.7736,0.7738946516540816,0.8416684716463478,grouping
363620,Bioresponse,B_n1,1776,3751,2,8,2,1,0,1,0.7824,0.7822010290744529,0.8546617468077646,grouping
363677,hiva_agnostic,B_n1,1617,3845,3,0,2,1,0,1,0.9648985959438378,0.9476614237257065,0.5444190242269266,grouping
363677,hiva_agnostic,B_n1,1617,3845,3,1,2,1,0,1,0.9648985959438378,0.9476614237257065,0.4866164971239589,grouping
363677,hiva_agnostic,B_n1,1617,3845,3,2,2,1,0,1,0.9648711943793911,0.9476208154572328,0.48230458090106065,grouping
363677,hiva_agnostic,B_n1,1617,3845,3,3,2,1,0,1,0.9648985959438378,0.9476614237257065,0.5302093028615501,grouping
363677,hiva_agnostic,B_n1,1617,3845,3,4,2,1,0,1,0.9648985959438378,0.9476614237257065,0.5277791850656236,grouping
363677,hiva_agnostic,B_n1,1617,3845,3,5,2,1,0,1,0.9648711943793911,0.9476208154572328,0.4519231697232542,grouping
363677,hiva_agnostic,B_n1,1617,3845,3,6,2,1,0,1,0.9648985959438378,0.9476614237257065,0.5120188061340005,grouping
363677,hiva_agnostic,B_n1,1617,3845,3,7,2,1,0,1,0.9648985959438378,0.9476614237257065,0.4924836425004382,grouping
363677,hiva_agnostic,B_n1,1617,3845,3,8,2,1,0,1,0.9648711943793911,0.9476208154572328,0.5025461314107792,grouping
363711,MIC,B_n1,111,1699,8,0,2,1,0,1,0.892416225749559,0.8574439216070395,0.8826320695037313,grouping
363711,MIC,B_n1,111,1699,8,1,2,1,0,1,0.8939929328621908,0.8552842312579026,0.8934354036144657,grouping
363711,MIC,B_n1,111,1699,8,2,2,1,0,1,0.8851590106007067,0.8482541599974364,0.8801163576588931,grouping
363711,MIC,B_n1,111,1699,8,4,2,1,0,1,0.8833922261484098,0.8426454159412753,0.8754186711462044,grouping
363711,MIC,B_n1,111,1699,8,5,2,1,0,1,0.901060070671378,0.8610274046566319,0.8735046326008621,grouping
363711,MIC,B_n1,111,1699,8,6,2,1,0,1,0.8871252204585538,0.8498447632229932,0.8413511597129884,grouping
363711,MIC,B_n1,111,1699,8,7,2,1,0,1,0.8904593639575972,0.8547773830708186,0.9046289685163313,grouping
363711,MIC,B_n1,111,1699,8,8,2,1,0,1,0.8869257950530035,0.8486041880865806,0.8588931205410198,grouping
363711,MIC,B_n1,111,1699,8,9,2,1,0,1,0.8835978835978836,0.8474475111150551,0.8726294463277826,grouping
363711,MIC,B_n1,111,1699,8,10,2,1,0,1,0.892226148409894,0.8553541250576125,0.8711604077500851,grouping
363711,MIC,B_n1,111,1699,8,11,2,1,0,1,0.8851590106007067,0.8508628895326719,0.9003662178213472,grouping
363711,MIC,B_n1,111,1699,8,12,2,1,0,1,0.8959435626102292,0.8596153790778328,0.8871774695312996,grouping
363711,MIC,B_n1,111,1699,8,13,2,1,0,1,0.8833922261484098,0.8513985307170451,0.850012423441321,grouping
363711,MIC,B_n1,111,1699,8,14,2,1,0,1,0.8851590106007067,0.8473547871138232,0.9001186592060104,grouping
363711,MIC,B_n1,111,1699,8,15,2,1,0,1,0.8853615520282186,0.8493738585643045,0.8774389131204094,grouping
363711,MIC,B_n1,111,1699,8,16,2,1,0,1,0.8869257950530035,0.8457033393672196,0.887887276853007,grouping
363711,MIC,B_n1,111,1699,8,17,2,1,0,1,0.8886925795053003,0.8542023584910852,0.8634874708366853,grouping
363711,MIC,B_n1,111,1699,8,18,2,1,0,1,0.8800705467372134,0.845274308129169,0.867504011808239,grouping
363711,MIC,B_n1,111,1699,8,19,2,1,0,1,0.8886925795053003,0.8568528219306926,0.8812074795782003,grouping
363711,MIC,B_n1,111,1699,8,20,2,1,0,1,0.8886925795053003,0.8475838845789425,0.8752252568282749,grouping
363711,MIC,B_n1,111,1699,8,21,2,1,0,1,0.8835978835978836,0.8432613829439226,0.8777110237956589,grouping
363711,MIC,B_n1,111,1699,8,22,2,1,0,1,0.8886925795053003,0.8525267397246081,0.8718412390514945,grouping
363711,MIC,B_n1,111,1699,8,23,2,1,0,1,0.8886925795053003,0.8591075946972901,0.8766787875399735,grouping
363711,MIC,B_n1,111,1699,8,24,2,1,0,1,0.8871252204585538,0.8543688572014436,0.8924246223286463,grouping
363711,MIC,B_n1,111,1699,8,25,2,1,0,1,0.8904593639575972,0.8495662331762821,0.8669582993222897,grouping
363711,MIC,B_n1,111,1699,8,26,2,1,0,1,0.8780918727915195,0.8434099462107938,0.8822073655699767,grouping
363711,MIC,B_n1,111,1699,8,27,2,1,0,1,0.8871252204585538,0.8539316970273078,0.8799731211264729,grouping
363711,MIC,B_n1,111,1699,8,28,2,1,0,1,0.8957597173144877,0.8588576693643375,0.8981274254792346,grouping
363711,MIC,B_n1,111,1699,8,29,2,1,0,1,0.872791519434629,0.8356999335528302,0.8375515496774819,grouping
363620,Bioresponse,B_n8,1776,3751,2,0,2,1,0,8,0.8033573141486811,0.803076409076214,0.8832929208687909,grouping
363620,Bioresponse,B_n8,1776,3751,2,1,2,1,0,8,0.7872,0.7868532731937433,0.857589681704726,grouping
363620,Bioresponse,B_n8,1776,3751,2,2,2,1,0,8,0.7888,0.7886756928668787,0.8704746580852776,grouping
363620,Bioresponse,B_n8,1776,3751,2,3,2,1,0,8,0.7897681854516387,0.7898849369872105,0.8629116537192336,grouping
363620,Bioresponse,B_n8,1776,3751,2,4,2,1,0,8,0.8024,0.802386368468864,0.8749097510159457,grouping
363620,Bioresponse,B_n8,1776,3751,2,5,2,1,0,8,0.7984,0.798145722970039,0.8776765270128102,grouping
363620,Bioresponse,B_n8,1776,3751,2,6,2,1,0,8,0.8033573141486811,0.8030025917027536,0.8717676463471766,grouping
363620,Bioresponse,B_n8,1776,3751,2,7,2,1,0,8,0.7976,0.7973977750350537,0.8734670565422777,grouping
363620,Bioresponse,B_n8,1776,3751,2,8,2,1,0,8,0.7952,0.7944239524936673,0.8769416424283683,grouping
363677,hiva_agnostic,B_n8,1617,3845,3,0,2,1,0,8,0.9648985959438378,0.9476614237257065,0.5098978113351479,grouping
363677,hiva_agnostic,B_n8,1617,3845,3,1,2,1,0,8,0.9648985959438378,0.9476614237257065,0.5166147395296077,grouping
363677,hiva_agnostic,B_n8,1617,3845,3,2,2,1,0,8,0.9648711943793911,0.9476208154572328,0.406680525254423,grouping
363677,hiva_agnostic,B_n8,1617,3845,3,3,2,1,0,8,0.9648985959438378,0.9476614237257065,0.4404584094104411,grouping
363677,hiva_agnostic,B_n8,1617,3845,3,4,2,1,0,8,0.9648985959438378,0.9476614237257065,0.5213681622767345,grouping
363677,hiva_agnostic,B_n8,1617,3845,3,5,2,1,0,8,0.9648711943793911,0.9476208154572328,0.5225078229115577,grouping
363677,hiva_agnostic,B_n8,1617,3845,3,6,2,1,0,8,0.9648985959438378,0.9476614237257065,0.5096721429190088,grouping
363677,hiva_agnostic,B_n8,1617,3845,3,7,2,1,0,8,0.9648985959438378,0.9476614237257065,0.49957071252960866,grouping
363677,hiva_agnostic,B_n8,1617,3845,3,8,2,1,0,8,0.9648711943793911,0.9476208154572328,0.5847117736814956,grouping
363711,MIC,B_n8,111,1699,8,0,2,1,0,8,0.8941798941798942,0.8578326559547217,0.884709701275687,grouping
363711,MIC,B_n8,111,1699,8,1,2,1,0,8,0.8886925795053003,0.8485377417120941,0.8982567451803192,grouping
363711,MIC,B_n8,111,1699,8,2,2,1,0,8,0.8851590106007067,0.8446068992756537,0.888762604524557,grouping
363711,MIC,B_n8,111,1699,8,4,2,1,0,8,0.8833922261484098,0.839993185167074,0.8943789516285052,grouping
363711,MIC,B_n8,111,1699,8,5,2,1,0,8,0.8975265017667845,0.8620722511642775,0.881043732608414,grouping
363711,MIC,B_n8,111,1699,8,6,2,1,0,8,0.8888888888888888,0.8516489969582226,0.8639682969566685,grouping
363711,MIC,B_n8,111,1699,8,7,2,1,0,8,0.8833922261484098,0.8451354252209389,0.920543044064232,grouping
363711,MIC,B_n8,111,1699,8,8,2,1,0,8,0.8869257950530035,0.8476386944338367,0.8561950603338171,grouping
363711,MIC,B_n8,111,1699,8,9,2,1,0,8,0.8818342151675485,0.8413286374229301,0.8864014835377536,grouping
363711,MIC,B_n8,111,1699,8,10,2,1,0,8,0.8975265017667845,0.8570659022955842,0.8822864279146764,grouping
363711,MIC,B_n8,111,1699,8,11,2,1,0,8,0.8833922261484098,0.8474101919580446,0.9040773556374905,grouping
363711,MIC,B_n8,111,1699,8,12,2,1,0,8,0.892416225749559,0.8539860387771271,0.885521495088645,grouping
363711,MIC,B_n8,111,1699,8,13,2,1,0,8,0.8851590106007067,0.8484248218051068,0.8622724484222186,grouping
363711,MIC,B_n8,111,1699,8,14,2,1,0,8,0.8833922261484098,0.8451267985519527,0.9016815740841342,grouping
363711,MIC,B_n8,111,1699,8,15,2,1,0,8,0.8888888888888888,0.8535647007732928,0.8881801662735318,grouping
363711,MIC,B_n8,111,1699,8,16,2,1,0,8,0.8886925795053003,0.8486140399998583,0.8778737913082352,grouping
363711,MIC,B_n8,111,1699,8,17,2,1,0,8,0.8904593639575972,0.8555882453270174,0.8750990497593077,grouping
363711,MIC,B_n8,111,1699,8,18,2,1,0,8,0.8835978835978836,0.8480706132766644,0.8848967777043419,grouping
363711,MIC,B_n8,111,1699,8,19,2,1,0,8,0.8886925795053003,0.858753322729068,0.8914717928934608,grouping
363711,MIC,B_n8,111,1699,8,20,2,1,0,8,0.892226148409894,0.8503532037931393,0.8821889789256401,grouping
363711,MIC,B_n8,111,1699,8,21,2,1,0,8,0.8853615520282186,0.8453197917525404,0.8747159604383405,grouping
363711,MIC,B_n8,111,1699,8,22,2,1,0,8,0.892226148409894,0.856307829470854,0.889385188160899,grouping
363711,MIC,B_n8,111,1699,8,23,2,1,0,8,0.8851590106007067,0.8489050973011132,0.9023547804678644,grouping
363711,MIC,B_n8,111,1699,8,24,2,1,0,8,0.8871252204585538,0.8533693479391057,0.896573032548156,grouping
363711,MIC,B_n8,111,1699,8,25,2,1,0,8,0.892226148409894,0.8507069698156328,0.8768506893442196,grouping
363711,MIC,B_n8,111,1699,8,26,2,1,0,8,0.8851590106007067,0.8512007879468924,0.8930518782848403,grouping
363711,MIC,B_n8,111,1699,8,27,2,1,0,8,0.8959435626102292,0.8593403552425546,0.8866673790623409,grouping
363711,MIC,B_n8,111,1699,8,28,2,1,0,8,0.8939929328621908,0.8524916669293728,0.9079893133053507,grouping
363711,MIC,B_n8,111,1699,8,29,2,1,0,8,0.8780918727915195,0.84281659514029,0.8413946519474894,grouping
363620,Bioresponse,C_n1,1776,3751,2,0,3,1,0,1,0.7106314948041567,0.6933018978075965,0.8102750621631222,grouping
363620,Bioresponse,C_n1,1776,3751,2,1,3,1,0,1,0.7688,0.768784050556687,0.8445525713224827,grouping
363620,Bioresponse,C_n1,1776,3751,2,2,3,1,0,1,0.776,0.7761856533568078,0.8509550921055345,grouping
363620,Bioresponse,C_n1,1776,3751,2,3,3,1,0,1,0.7657873701039168,0.76514887204045,0.8390747347449383,grouping
363620,Bioresponse,C_n1,1776,3751,2,4,3,1,0,1,0.7696,0.7690882240096928,0.8534240464550199,grouping
363620,Bioresponse,C_n1,1776,3751,2,5,3,1,0,1,0.776,0.775676840382542,0.8522765950863296,grouping
363620,Bioresponse,C_n1,1776,3751,2,6,3,1,0,1,0.771382893685052,0.771470212718714,0.8407118256652611,grouping
363620,Bioresponse,C_n1,1776,3751,2,7,3,1,0,1,0.7736,0.7738946516540816,0.8416684716463478,grouping
363620,Bioresponse,C_n1,1776,3751,2,8,3,1,0,1,0.7824,0.7822010290744529,0.8546617468077646,grouping
363677,hiva_agnostic,C_n1,1617,3845,3,0,3,1,0,1,0.9648985959438378,0.9476614237257065,0.5444190242269266,grouping
363677,hiva_agnostic,C_n1,1617,3845,3,1,3,1,0,1,0.9648985959438378,0.9476614237257065,0.4866164971239589,grouping
363677,hiva_agnostic,C_n1,1617,3845,3,2,3,1,0,1,0.9648711943793911,0.9476208154572328,0.48230458090106065,grouping
363677,hiva_agnostic,C_n1,1617,3845,3,3,3,1,0,1,0.9648985959438378,0.9476614237257065,0.5302093028615501,grouping
363677,hiva_agnostic,C_n1,1617,3845,3,4,3,1,0,1,0.9648985959438378,0.9476614237257065,0.5277791850656236,grouping
363677,hiva_agnostic,C_n1,1617,3845,3,5,3,1,0,1,0.9648711943793911,0.9476208154572328,0.4519231697232542,grouping
363677,hiva_agnostic,C_n1,1617,3845,3,6,3,1,0,1,0.9648985959438378,0.9476614237257065,0.5120188061340005,grouping
363677,hiva_agnostic,C_n1,1617,3845,3,7,3,1,0,1,0.9648985959438378,0.9476614237257065,0.4924836425004382,grouping
363677,hiva_agnostic,C_n1,1617,3845,3,8,3,1,0,1,0.9648711943793911,0.9476208154572328,0.5025461314107792,grouping
363711,MIC,C_n1,111,1699,8,0,3,1,0,1,0.892416225749559,0.8574439216070395,0.8826320695037313,grouping
363711,MIC,C_n1,111,1699,8,1,3,1,0,1,0.8939929328621908,0.8552842312579026,0.8934354036144657,grouping
363711,MIC,C_n1,111,1699,8,2,3,1,0,1,0.8851590106007067,0.8482541599974364,0.8801163576588931,grouping
363711,MIC,C_n1,111,1699,8,4,3,1,0,1,0.8833922261484098,0.8426454159412753,0.8754186711462044,grouping
363711,MIC,C_n1,111,1699,8,5,3,1,0,1,0.901060070671378,0.8610274046566319,0.8735046326008621,grouping
363711,MIC,C_n1,111,1699,8,6,3,1,0,1,0.8871252204585538,0.8498447632229932,0.8413511597129884,grouping
363711,MIC,C_n1,111,1699,8,7,3,1,0,1,0.8904593639575972,0.8547773830708186,0.9046289685163313,grouping
363711,MIC,C_n1,111,1699,8,8,3,1,0,1,0.8869257950530035,0.8486041880865806,0.8588931205410198,grouping
363711,MIC,C_n1,111,1699,8,9,3,1,0,1,0.8835978835978836,0.8474475111150551,0.8726294463277826,grouping
363711,MIC,C_n1,111,1699,8,10,3,1,0,1,0.892226148409894,0.8553541250576125,0.8711604077500851,grouping
363711,MIC,C_n1,111,1699,8,11,3,1,0,1,0.8851590106007067,0.8508628895326719,0.9003662178213472,grouping
363711,MIC,C_n1,111,1699,8,12,3,1,0,1,0.8959435626102292,0.8596153790778328,0.8871774695312996,grouping
363711,MIC,C_n1,111,1699,8,13,3,1,0,1,0.8833922261484098,0.8513985307170451,0.850012423441321,grouping
363711,MIC,C_n1,111,1699,8,14,3,1,0,1,0.8851590106007067,0.8473547871138232,0.9001186592060104,grouping
363711,MIC,C_n1,111,1699,8,15,3,1,0,1,0.8853615520282186,0.8493738585643045,0.8774389131204094,grouping
363711,MIC,C_n1,111,1699,8,16,3,1,0,1,0.8869257950530035,0.8457033393672196,0.887887276853007,grouping
363711,MIC,C_n1,111,1699,8,17,3,1,0,1,0.8886925795053003,0.8542023584910852,0.8634874708366853,grouping
363711,MIC,C_n1,111,1699,8,18,3,1,0,1,0.8800705467372134,0.845274308129169,0.867504011808239,grouping
363711,MIC,C_n1,111,1699,8,19,3,1,0,1,0.8886925795053003,0.8568528219306926,0.8812074795782003,grouping
363711,MIC,C_n1,111,1699,8,20,3,1,0,1,0.8886925795053003,0.8475838845789425,0.8752252568282749,grouping
363711,MIC,C_n1,111,1699,8,21,3,1,0,1,0.8835978835978836,0.8432613829439226,0.8777110237956589,grouping
363711,MIC,C_n1,111,1699,8,22,3,1,0,1,0.8886925795053003,0.8525267397246081,0.8718412390514945,grouping
363711,MIC,C_n1,111,1699,8,23,3,1,0,1,0.8886925795053003,0.8591075946972901,0.8766787875399735,grouping
363711,MIC,C_n1,111,1699,8,24,3,1,0,1,0.8871252204585538,0.8543688572014436,0.8924246223286463,grouping
363711,MIC,C_n1,111,1699,8,25,3,1,0,1,0.8904593639575972,0.8495662331762821,0.8669582993222897,grouping
363711,MIC,C_n1,111,1699,8,26,3,1,0,1,0.8780918727915195,0.8434099462107938,0.8822073655699767,grouping
363711,MIC,C_n1,111,1699,8,27,3,1,0,1,0.8871252204585538,0.8539316970273078,0.8799731211264729,grouping
363711,MIC,C_n1,111,1699,8,28,3,1,0,1,0.8957597173144877,0.8588576693643375,0.8981274254792346,grouping
363711,MIC,C_n1,111,1699,8,29,3,1,0,1,0.872791519434629,0.8356999335528302,0.8375515496774819,grouping
363620,Bioresponse,C_n8,1776,3751,2,0,3,1,0,8,0.8033573141486811,0.803076409076214,0.8832929208687909,grouping
363620,Bioresponse,C_n8,1776,3751,2,1,3,1,0,8,0.7872,0.7868532731937433,0.857589681704726,grouping
363620,Bioresponse,C_n8,1776,3751,2,2,3,1,0,8,0.7888,0.7886756928668787,0.8704746580852776,grouping
363620,Bioresponse,C_n8,1776,3751,2,3,3,1,0,8,0.7897681854516387,0.7898849369872105,0.8629116537192336,grouping
363620,Bioresponse,C_n8,1776,3751,2,4,3,1,0,8,0.8024,0.802386368468864,0.8749097510159457,grouping
363620,Bioresponse,C_n8,1776,3751,2,5,3,1,0,8,0.7984,0.798145722970039,0.8776765270128102,grouping
363620,Bioresponse,C_n8,1776,3751,2,6,3,1,0,8,0.8033573141486811,0.8030025917027536,0.8717676463471766,grouping
363620,Bioresponse,C_n8,1776,3751,2,7,3,1,0,8,0.7976,0.7973977750350537,0.8734670565422777,grouping
363620,Bioresponse,C_n8,1776,3751,2,8,3,1,0,8,0.7952,0.7944239524936673,0.8769416424283683,grouping
363677,hiva_agnostic,C_n8,1617,3845,3,0,3,1,0,8,0.9648985959438378,0.9476614237257065,0.5098978113351479,grouping
363677,hiva_agnostic,C_n8,1617,3845,3,1,3,1,0,8,0.9648985959438378,0.9476614237257065,0.5166147395296077,grouping
363677,hiva_agnostic,C_n8,1617,3845,3,2,3,1,0,8,0.9648711943793911,0.9476208154572328,0.406680525254423,grouping
363677,hiva_agnostic,C_n8,1617,3845,3,3,3,1,0,8,0.9648985959438378,0.9476614237257065,0.4404584094104411,grouping
363677,hiva_agnostic,C_n8,1617,3845,3,4,3,1,0,8,0.9648985959438378,0.9476614237257065,0.5213681622767345,grouping
363677,hiva_agnostic,C_n8,1617,3845,3,5,3,1,0,8,0.9648711943793911,0.9476208154572328,0.5225078229115577,grouping
363677,hiva_agnostic,C_n8,1617,3845,3,6,3,1,0,8,0.9648985959438378,0.9476614237257065,0.5096721429190088,grouping
363677,hiva_agnostic,C_n8,1617,3845,3,7,3,1,0,8,0.9648985959438378,0.9476614237257065,0.49957071252960866,grouping
363677,hiva_agnostic,C_n8,1617,3845,3,8,3,1,0,8,0.9648711943793911,0.9476208154572328,0.5847117736814956,grouping
363711,MIC,C_n8,111,1699,8,0,3,1,0,8,0.8941798941798942,0.8578326559547217,0.884709701275687,grouping
363711,MIC,C_n8,111,1699,8,1,3,1,0,8,0.8886925795053003,0.8485377417120941,0.8982567451803192,grouping
363711,MIC,C_n8,111,1699,8,2,3,1,0,8,0.8851590106007067,0.8446068992756537,0.888762604524557,grouping
363711,MIC,C_n8,111,1699,8,4,3,1,0,8,0.8833922261484098,0.839993185167074,0.8943789516285052,grouping
363711,MIC,C_n8,111,1699,8,5,3,1,0,8,0.8975265017667845,0.8620722511642775,0.881043732608414,grouping
363711,MIC,C_n8,111,1699,8,6,3,1,0,8,0.8888888888888888,0.8516489969582226,0.8639682969566685,grouping
363711,MIC,C_n8,111,1699,8,7,3,1,0,8,0.8833922261484098,0.8451354252209389,0.920543044064232,grouping
363711,MIC,C_n8,111,1699,8,8,3,1,0,8,0.8869257950530035,0.8476386944338367,0.8561950603338171,grouping
363711,MIC,C_n8,111,1699,8,9,3,1,0,8,0.8818342151675485,0.8413286374229301,0.8864014835377536,grouping
363711,MIC,C_n8,111,1699,8,10,3,1,0,8,0.8975265017667845,0.8570659022955842,0.8822864279146764,grouping
363711,MIC,C_n8,111,1699,8,11,3,1,0,8,0.8833922261484098,0.8474101919580446,0.9040773556374905,grouping
363711,MIC,C_n8,111,1699,8,12,3,1,0,8,0.892416225749559,0.8539860387771271,0.885521495088645,grouping
363711,MIC,C_n8,111,1699,8,13,3,1,0,8,0.8851590106007067,0.8484248218051068,0.8622724484222186,grouping
363711,MIC,C_n8,111,1699,8,14,3,1,0,8,0.8833922261484098,0.8451267985519527,0.9016815740841342,grouping
363711,MIC,C_n8,111,1699,8,15,3,1,0,8,0.8888888888888888,0.8535647007732928,0.8881801662735318,grouping
363711,MIC,C_n8,111,1699,8,16,3,1,0,8,0.8886925795053003,0.8486140399998583,0.8778737913082352,grouping
363711,MIC,C_n8,111,1699,8,17,3,1,0,8,0.8904593639575972,0.8555882453270174,0.8750990497593077,grouping
363711,MIC,C_n8,111,1699,8,18,3,1,0,8,0.8835978835978836,0.8480706132766644,0.8848967777043419,grouping
363711,MIC,C_n8,111,1699,8,19,3,1,0,8,0.8886925795053003,0.858753322729068,0.8914717928934608,grouping
363711,MIC,C_n8,111,1699,8,20,3,1,0,8,0.892226148409894,0.8503532037931393,0.8821889789256401,grouping
363711,MIC,C_n8,111,1699,8,21,3,1,0,8,0.8853615520282186,0.8453197917525404,0.8747159604383405,grouping
363711,MIC,C_n8,111,1699,8,22,3,1,0,8,0.892226148409894,0.856307829470854,0.889385188160899,grouping
363711,MIC,C_n8,111,1699,8,23,3,1,0,8,0.8851590106007067,0.8489050973011132,0.9023547804678644,grouping
363711,MIC,C_n8,111,1699,8,24,3,1,0,8,0.8871252204585538,0.8533693479391057,0.896573032548156,grouping
363711,MIC,C_n8,111,1699,8,25,3,1,0,8,0.892226148409894,0.8507069698156328,0.8768506893442196,grouping
363711,MIC,C_n8,111,1699,8,26,3,1,0,8,0.8851590106007067,0.8512007879468924,0.8930518782848403,grouping
363711,MIC,C_n8,111,1699,8,27,3,1,0,8,0.8959435626102292,0.8593403552425546,0.8866673790623409,grouping
363711,MIC,C_n8,111,1699,8,28,3,1,0,8,0.8939929328621908,0.8524916669293728,0.9079893133053507,grouping
363711,MIC,C_n8,111,1699,8,29,3,1,0,8,0.8780918727915195,0.84281659514029,0.8413946519474894,grouping
363620,Bioresponse,D_n1,3552,3751,2,0,2,2,0,1,0.7777777777777778,0.7762134110888375,0.8547854020911521,duplication
363620,Bioresponse,D_n1,3552,3751,2,1,2,2,0,1,0.7792,0.7794045496654658,0.8434579800730244,duplication
363620,Bioresponse,D_n1,3552,3751,2,2,2,2,0,1,0.7192,0.7178880354702872,0.7923525589454793,duplication
363620,Bioresponse,D_n1,3552,3751,2,3,2,2,0,1,0.7721822541966427,0.7721667121545351,0.8383720211895164,duplication
363620,Bioresponse,D_n1,3552,3751,2,4,2,2,0,1,0.784,0.7837655965376914,0.8576889555871857,duplication
363620,Bioresponse,D_n1,3552,3751,2,5,2,2,0,1,0.7736,0.7739247851848712,0.850965406275141,duplication
363620,Bioresponse,D_n1,3552,3751,2,6,2,2,0,1,0.7705835331734612,0.7709479692426667,0.8447028782941307,duplication
363620,Bioresponse,D_n1,3552,3751,2,7,2,2,0,1,0.768,0.7679676871055353,0.8508171400870516,duplication
363620,Bioresponse,D_n1,3552,3751,2,8,2,2,0,1,0.78,0.7793460641960525,0.8557730985828331,duplication
363677,hiva_agnostic,D_n1,3234,3845,3,0,2,2,0,1,0.9648985959438378,0.9476614237257065,0.580095307718503,duplication
363677,hiva_agnostic,D_n1,3234,3845,3,1,2,2,0,1,0.9648985959438378,0.9476614237257065,0.3943991894731793,duplication
363677,hiva_agnostic,D_n1,3234,3845,3,2,2,2,0,1,0.9648711943793911,0.9476208154572328,0.5213692225003096,duplication
363677,hiva_agnostic,D_n1,3234,3845,3,3,2,2,0,1,0.9648985959438378,0.9476614237257065,0.5450704688959116,duplication
363677,hiva_agnostic,D_n1,3234,3845,3,4,2,2,0,1,0.9648985959438378,0.9476614237257065,0.49287006445953235,duplication
363677,hiva_agnostic,D_n1,3234,3845,3,5,2,2,0,1,0.9648711943793911,0.9476208154572328,0.5853498461104386,duplication
363677,hiva_agnostic,D_n1,3234,3845,3,6,2,2,0,1,0.9648985959438378,0.9476614237257065,0.4616879803701576,duplication
363677,hiva_agnostic,D_n1,3234,3845,3,7,2,2,0,1,0.9648985959438378,0.9476614237257065,0.4755356119616163,duplication
363677,hiva_agnostic,D_n1,3234,3845,3,8,2,2,0,1,0.9648711943793911,0.9476208154572328,0.5074684905824731,duplication
363711,MIC,D_n1,222,1699,8,0,2,2,0,1,0.890652557319224,0.8538227307783344,0.8833891816200456,duplication
363711,MIC,D_n1,222,1699,8,1,2,2,0,1,0.892226148409894,0.8562254117562202,0.890238984197825,duplication
363711,MIC,D_n1,222,1699,8,2,2,2,0,1,0.8851590106007067,0.847359893307949,0.8773271047866373,duplication
363711,MIC,D_n1,222,1699,8,4,2,2,0,1,0.8833922261484098,0.8455431895787315,0.8831783855865616,duplication
363711,MIC,D_n1,222,1699,8,5,2,2,0,1,0.8992932862190812,0.866064147866268,0.8682235426727343,duplication
363711,MIC,D_n1,222,1699,8,6,2,2,0,1,0.890652557319224,0.8595792816898346,0.8611022079809938,duplication
363711,MIC,D_n1,222,1699,8,7,2,2,0,1,0.8833922261484098,0.8446605777049806,0.9018965960429897,duplication
363711,MIC,D_n1,222,1699,8,8,2,2,0,1,0.8886925795053003,0.8534798188423829,0.8573500619006815,duplication
363711,MIC,D_n1,222,1699,8,9,2,2,0,1,0.8800705467372134,0.8425304139207371,0.8689659267042824,duplication
363711,MIC,D_n1,222,1699,8,10,2,2,0,1,0.8957597173144877,0.8622913013970775,0.8784529914134152,duplication
363711,MIC,D_n1,222,1699,8,11,2,2,0,1,0.8816254416961131,0.8459928295509026,0.9024866217014205,duplication
363711,MIC,D_n1,222,1699,8,12,2,2,0,1,0.8941798941798942,0.8569072838860596,0.8912045959115082,duplication
363711,MIC,D_n1,222,1699,8,13,2,2,0,1,0.8780918727915195,0.8434001805026541,0.867030065510852,duplication
363711,MIC,D_n1,222,1699,8,14,2,2,0,1,0.8886925795053003,0.8534066881080377,0.8885789197519394,duplication
363711,MIC,D_n1,222,1699,8,15,2,2,0,1,0.8818342151675485,0.847297461138206,0.8830273979941087,duplication
363711,MIC,D_n1,222,1699,8,16,2,2,0,1,0.8869257950530035,0.8443768443768443,0.8913842750338434,duplication
363711,MIC,D_n1,222,1699,8,17,2,2,0,1,0.8851590106007067,0.8530166419696797,0.8717090731804689,duplication
363711,MIC,D_n1,222,1699,8,18,2,2,0,1,0.8818342151675485,0.8445057503173735,0.8798206929965722,duplication
363711,MIC,D_n1,222,1699,8,19,2,2,0,1,0.8816254416961131,0.8501006036217305,0.8772096282735283,duplication
363711,MIC,D_n1,222,1699,8,20,2,2,0,1,0.8904593639575972,0.8505907127815254,0.8775581656327315,duplication
363711,MIC,D_n1,222,1699,8,21,2,2,0,1,0.8853615520282186,0.846115892184768,0.8818439016711213,duplication
363711,MIC,D_n1,222,1699,8,22,2,2,0,1,0.8904593639575972,0.8552187215914331,0.8703028786073104,duplication
363711,MIC,D_n1,222,1699,8,23,2,2,0,1,0.8869257950530035,0.8545031859260024,0.8779694918597758,duplication
363711,MIC,D_n1,222,1699,8,24,2,2,0,1,0.8818342151675485,0.8465999026329392,0.897983549749106,duplication
363711,MIC,D_n1,222,1699,8,25,2,2,0,1,0.8869257950530035,0.8494052217846793,0.8692829606925012,duplication
363711,MIC,D_n1,222,1699,8,26,2,2,0,1,0.8833922261484098,0.8490644215223532,0.8857183667705586,duplication
363711,MIC,D_n1,222,1699,8,27,2,2,0,1,0.8888888888888888,0.8580913110526238,0.8795065432754141,duplication
363711,MIC,D_n1,222,1699,8,28,2,2,0,1,0.892226148409894,0.8530774954582924,0.905454128167327,duplication
363711,MIC,D_n1,222,1699,8,29,2,2,0,1,0.8780918727915195,0.8445727304808195,0.8401717091765349,duplication
363620,Bioresponse,D_n8,3552,3751,2,0,2,2,0,8,0.812150279776179,0.8118989437030025,0.8862427733761655,duplication
363620,Bioresponse,D_n8,3552,3751,2,1,2,2,0,8,0.796,0.7953000464965168,0.8617862594632506,duplication
363620,Bioresponse,D_n8,3552,3751,2,2,2,2,0,8,0.7904,0.7900584871306795,0.8703083421003773,duplication
363620,Bioresponse,D_n8,3552,3751,2,3,2,2,0,8,0.8081534772182254,0.8082491789842916,0.8653505588245891,duplication
363620,Bioresponse,D_n8,3552,3751,2,4,2,2,0,8,0.7976,0.7970431718997676,0.8718644924397136,duplication
363620,Bioresponse,D_n8,3552,3751,2,5,2,2,0,8,0.8016,0.8012767359099562,0.8795524166099387,duplication
363620,Bioresponse,D_n8,3552,3751,2,6,2,2,0,8,0.7929656274980016,0.7929794814309248,0.8652578933007974,duplication
363620,Bioresponse,D_n8,3552,3751,2,7,2,2,0,8,0.7936,0.793654256437746,0.8720063122717989,duplication
363620,Bioresponse,D_n8,3552,3751,2,8,2,2,0,8,0.8,0.7994715039598342,0.8802963260927863,duplication
363677,hiva_agnostic,D_n8,3234,3845,3,0,2,2,0,8,0.9648985959438378,0.9476614237257065,0.4801051603776605,duplication
363677,hiva_agnostic,D_n8,3234,3845,3,1,2,2,0,8,0.9648985959438378,0.9476614237257065,0.45681687025326384,duplication
363677,hiva_agnostic,D_n8,3234,3845,3,2,2,2,0,8,0.9648711943793911,0.9476208154572328,0.5363129274076494,duplication
363677,hiva_agnostic,D_n8,3234,3845,3,3,2,2,0,8,0.9648985959438378,0.9476614237257065,0.4548408311984627,duplication
363677,hiva_agnostic,D_n8,3234,3845,3,4,2,2,0,8,0.9648985959438378,0.9476614237257065,0.4555366652265825,duplication
363677,hiva_agnostic,D_n8,3234,3845,3,5,2,2,0,8,0.9648711943793911,0.9476208154572328,0.5312301565819917,duplication
363677,hiva_agnostic,D_n8,3234,3845,3,6,2,2,0,8,0.9648985959438378,0.9476614237257065,0.47976498413533825,duplication
363677,hiva_agnostic,D_n8,3234,3845,3,7,2,2,0,8,0.9648985959438378,0.9476614237257065,0.4529546691996506,duplication
363677,hiva_agnostic,D_n8,3234,3845,3,8,2,2,0,8,0.9648711943793911,0.9476208154572328,0.5233585518789613,duplication
363711,MIC,D_n8,222,1699,8,0,2,2,0,8,0.892416225749559,0.8560178073618935,0.8883219646422318,duplication
363711,MIC,D_n8,222,1699,8,1,2,2,0,8,0.8904593639575972,0.8519852635931748,0.8979222878435439,duplication
363711,MIC,D_n8,222,1699,8,2,2,2,0,8,0.8851590106007067,0.844988121618654,0.8899566561774375,duplication
363711,MIC,D_n8,222,1699,8,4,2,2,0,8,0.8833922261484098,0.8407930072531151,0.8933443288181522,duplication
363711,MIC,D_n8,222,1699,8,5,2,2,0,8,0.8975265017667845,0.8599252751433685,0.8846714847551912,duplication
363711,MIC,D_n8,222,1699,8,6,2,2,0,8,0.8888888888888888,0.8506993970524692,0.8668116877817945,duplication
363711,MIC,D_n8,222,1699,8,7,2,2,0,8,0.8851590106007067,0.846695872091401,0.9204884386370101,duplication
363711,MIC,D_n8,222,1699,8,8,2,2,0,8,0.8851590106007067,0.8456510559232902,0.8563314343439983,duplication
363711,MIC,D_n8,222,1699,8,9,2,2,0,8,0.8818342151675485,0.8440637088524412,0.880359652067691,duplication
363711,MIC,D_n8,222,1699,8,10,2,2,0,8,0.8975265017667845,0.8608513106746323,0.8839044645033115,duplication
363711,MIC,D_n8,222,1699,8,11,2,2,0,8,0.8816254416961131,0.8461227375085715,0.9050211676404675,duplication
363711,MIC,D_n8,222,1699,8,12,2,2,0,8,0.8977072310405644,0.8607987950130763,0.8879210108268514,duplication
363711,MIC,D_n8,222,1699,8,13,2,2,0,8,0.8851590106007067,0.8486458844328684,0.8626576952409726,duplication
363711,MIC,D_n8,222,1699,8,14,2,2,0,8,0.8851590106007067,0.8473254636481443,0.9098960839465676,duplication
363711,MIC,D_n8,222,1699,8,15,2,2,0,8,0.8888888888888888,0.8529270275635716,0.887021725560661,duplication
363711,MIC,D_n8,222,1699,8,16,2,2,0,8,0.8869257950530035,0.84462918770403,0.8828996954602557,duplication
363711,MIC,D_n8,222,1699,8,17,2,2,0,8,0.8904593639575972,0.8555882453270174,0.8750363816633168,duplication
363711,MIC,D_n8,222,1699,8,18,2,2,0,8,0.8818342151675485,0.844452095287776,0.8866935977987048,duplication
363711,MIC,D_n8,222,1699,8,19,2,2,0,8,0.8851590106007067,0.8523434108261775,0.8902837687317033,duplication
363711,MIC,D_n8,222,1699,8,20,2,2,0,8,0.8886925795053003,0.847268133287739,0.8797222618594551,duplication
363711,MIC,D_n8,222,1699,8,21,2,2,0,8,0.8853615520282186,0.8463195396268821,0.8782954470353056,duplication
363711,MIC,D_n8,222,1699,8,22,2,2,0,8,0.8939929328621908,0.8569778402555986,0.892281240840996,duplication
363711,MIC,D_n8,222,1699,8,23,2,2,0,8,0.8833922261484098,0.8465190454131877,0.896148277616115,duplication
363711,MIC,D_n8,222,1699,8,24,2,2,0,8,0.8853615520282186,0.8499852782618521,0.8959165652271276,duplication
363711,MIC,D_n8,222,1699,8,25,2,2,0,8,0.8886925795053003,0.846815203515231,0.8801822326437576,duplication
363711,MIC,D_n8,222,1699,8,26,2,2,0,8,0.8869257950530035,0.8477904551066457,0.8956628075927133,duplication
363711,MIC,D_n8,222,1699,8,27,2,2,0,8,0.8941798941798942,0.8585772890783835,0.8828122036031849,duplication
363711,MIC,D_n8,222,1699,8,28,2,2,0,8,0.8939929328621908,0.8530753767294355,0.9142142560875719,duplication
363711,MIC,D_n8,222,1699,8,29,2,2,0,8,0.8763250883392226,0.8395624766944263,0.8413364545942179,duplication
363620,Bioresponse,E_n1,5328,3751,2,0,3,3,0,1,0.7841726618705036,0.7838244130623875,0.8635319979201738,duplication
363620,Bioresponse,E_n1,5328,3751,2,1,3,3,0,1,0.7632,0.7631670185628913,0.8283064649215092,duplication
363620,Bioresponse,E_n1,5328,3751,2,2,3,3,0,1,0.7584,0.7585219749423013,0.8346715968397384,duplication
363620,Bioresponse,E_n1,5328,3751,2,3,3,3,0,1,0.7689848121502798,0.7690002707858581,0.843988581548235,duplication
363620,Bioresponse,E_n1,5328,3751,2,4,3,3,0,1,0.764,0.764076776445775,0.8355972935618953,duplication
363620,Bioresponse,E_n1,5328,3751,2,5,3,3,0,1,0.7824,0.782045452288339,0.8585849990717247,duplication
363620,Bioresponse,E_n1,5328,3751,2,6,3,3,0,1,0.7569944044764189,0.7570266094496031,0.8337516152115606,duplication
363620,Bioresponse,E_n1,5328,3751,2,7,3,3,0,1,0.7504,0.7462655518129582,0.8253759514821462,duplication
363620,Bioresponse,E_n1,5328,3751,2,8,3,3,0,1,0.7608,0.7606012343662333,0.8539758545289519,duplication
363677,hiva_agnostic,E_n1,4851,3845,3,0,3,3,0,1,0.9648985959438378,0.9476614237257065,0.5048639118256699,duplication
363677,hiva_agnostic,E_n1,4851,3845,3,1,3,3,0,1,0.9648985959438378,0.9476614237257065,0.42380340373128944,duplication
363677,hiva_agnostic,E_n1,4851,3845,3,2,3,3,0,1,0.9648711943793911,0.9476208154572328,0.5560140080130758,duplication
363677,hiva_agnostic,E_n1,4851,3845,3,3,3,3,0,1,0.9648985959438378,0.9476614237257065,0.5517063620267635,duplication
363677,hiva_agnostic,E_n1,4851,3845,3,4,3,3,0,1,0.9648985959438378,0.9476614237257065,0.5084260203313085,duplication
363677,hiva_agnostic,E_n1,4851,3845,3,5,3,3,0,1,0.9648711943793911,0.9476208154572328,0.5018003074388601,duplication
363677,hiva_agnostic,E_n1,4851,3845,3,6,3,3,0,1,0.9648985959438378,0.9476614237257065,0.49725458122537397,duplication
363677,hiva_agnostic,E_n1,4851,3845,3,7,3,3,0,1,0.9648985959438378,0.9476614237257065,0.4659901320417264,duplication
363677,hiva_agnostic,E_n1,4851,3845,3,8,3,3,0,1,0.9648711943793911,0.9476208154572328,0.5126102701807858,duplication
363711,MIC,E_n1,333,1699,8,0,3,3,0,1,0.8888888888888888,0.8557767892690564,0.8781608844201669,duplication
363711,MIC,E_n1,333,1699,8,1,3,3,0,1,0.8851590106007067,0.8529643985484905,0.8848093427388919,duplication
363711,MIC,E_n1,333,1699,8,2,3,3,0,1,0.8869257950530035,0.8504698810681801,0.8889333623859523,duplication
363711,MIC,E_n1,333,1699,8,4,3,3,0,1,0.8851590106007067,0.8483726164028363,0.8780690497518076,duplication
363711,MIC,E_n1,333,1699,8,5,3,3,0,1,0.901060070671378,0.8653330430189312,0.8668465346692433,duplication
363711,MIC,E_n1,333,1699,8,6,3,3,0,1,0.892416225749559,0.8594867263546003,0.8561525708425828,duplication
363711,MIC,E_n1,333,1699,8,7,3,3,0,1,0.8869257950530035,0.8541685217433777,0.9146612664112092,duplication
363711,MIC,E_n1,333,1699,8,8,3,3,0,1,0.8833922261484098,0.8470247632653022,0.85184686695913,duplication
363711,MIC,E_n1,333,1699,8,9,3,3,0,1,0.8765432098765432,0.8413482265334118,0.8808154771040144,duplication
363711,MIC,E_n1,333,1699,8,10,3,3,0,1,0.8904593639575972,0.8526571118186955,0.8807790225251373,duplication
363711,MIC,E_n1,333,1699,8,11,3,3,0,1,0.8816254416961131,0.8496336338271079,0.8902035979439072,duplication
363711,MIC,E_n1,333,1699,8,12,3,3,0,1,0.8871252204585538,0.8537575756879447,0.8818506153959076,duplication
363711,MIC,E_n1,333,1699,8,13,3,3,0,1,0.8816254416961131,0.8463866038213468,0.8601850703996915,duplication
363711,MIC,E_n1,333,1699,8,14,3,3,0,1,0.8851590106007067,0.8502083213906585,0.9030747277324849,duplication
363711,MIC,E_n1,333,1699,8,15,3,3,0,1,0.8871252204585538,0.8529649310634031,0.8817990691760118,duplication
363711,MIC,E_n1,333,1699,8,16,3,3,0,1,0.8851590106007067,0.8448758960534197,0.8792873659736835,duplication
363711,MIC,E_n1,333,1699,8,17,3,3,0,1,0.8869257950530035,0.8518453082057322,0.8623563823553474,duplication
363711,MIC,E_n1,333,1699,8,18,3,3,0,1,0.8747795414462081,0.8456145259223194,0.880541974578068,duplication
363711,MIC,E_n1,333,1699,8,19,3,3,0,1,0.8851590106007067,0.852443706413272,0.881351199504786,duplication
363711,MIC,E_n1,333,1699,8,20,3,3,0,1,0.8886925795053003,0.8480791196148136,0.8750951402729336,duplication
363711,MIC,E_n1,333,1699,8,21,3,3,0,1,0.8835978835978836,0.8442376206767104,0.859798868457158,duplication
363711,MIC,E_n1,333,1699,8,22,3,3,0,1,0.8904593639575972,0.8514563662079521,0.8763645172124965,duplication
363711,MIC,E_n1,333,1699,8,23,3,3,0,1,0.8886925795053003,0.8601436566222724,0.8831208784215206,duplication
363711,MIC,E_n1,333,1699,8,24,3,3,0,1,0.8835978835978836,0.8521032640570372,0.8822862692641817,duplication
363711,MIC,E_n1,333,1699,8,25,3,3,0,1,0.8869257950530035,0.851294677573503,0.8755273399958352,duplication
363711,MIC,E_n1,333,1699,8,26,3,3,0,1,0.8833922261484098,0.8482901204196549,0.8781487562346779,duplication
363711,MIC,E_n1,333,1699,8,27,3,3,0,1,0.8835978835978836,0.8575702849533978,0.8803846805404576,duplication
363711,MIC,E_n1,333,1699,8,28,3,3,0,1,0.8886925795053003,0.8501686196680603,0.9162066724012703,duplication
363711,MIC,E_n1,333,1699,8,29,3,3,0,1,0.8763250883392226,0.8417189236715937,0.8487254240165227,duplication
363620,Bioresponse,E_n8,5328,3751,2,0,3,3,0,8,0.8169464428457234,0.8162366098207698,0.8900356247458133,duplication
363620,Bioresponse,E_n8,5328,3751,2,1,3,3,0,8,0.7952,0.7949777507912925,0.859105864636838,duplication
363620,Bioresponse,E_n8,5328,3751,2,2,3,3,0,8,0.7968,0.7967119004668519,0.8701987540483116,duplication
363620,Bioresponse,E_n8,5328,3751,2,3,3,3,0,8,0.7913669064748201,0.7914589230481825,0.8635680345127597,duplication
363620,Bioresponse,E_n8,5328,3751,2,4,3,3,0,8,0.7944,0.7939642768350504,0.8690023103739919,duplication
363620,Bioresponse,E_n8,5328,3751,2,5,3,3,0,8,0.8072,0.8070073667329958,0.8822934071827877,duplication
363620,Bioresponse,E_n8,5328,3751,2,6,3,3,0,8,0.7929656274980016,0.7932907565842787,0.870592596024649,duplication
363620,Bioresponse,E_n8,5328,3751,2,7,3,3,0,8,0.7968,0.796506848061306,0.8710329125152134,duplication
363620,Bioresponse,E_n8,5328,3751,2,8,3,3,0,8,0.8016,0.8008482039782402,0.8783882047156383,duplication
363677,hiva_agnostic,E_n8,4851,3845,3,0,3,3,0,8,0.9648985959438378,0.9476614237257065,0.45359610965006153,duplication
363677,hiva_agnostic,E_n8,4851,3845,3,1,3,3,0,8,0.9648985959438378,0.9476614237257065,0.4564314647157954,duplication
363677,hiva_agnostic,E_n8,4851,3845,3,2,3,3,0,8,0.9648711943793911,0.9476208154572328,0.4264549877891539,duplication
363677,hiva_agnostic,E_n8,4851,3845,3,3,3,3,0,8,0.9648985959438378,0.9476614237257065,0.40704770613913693,duplication
363677,hiva_agnostic,E_n8,4851,3845,3,4,3,3,0,8,0.9648985959438378,0.9476614237257065,0.45677661786780016,duplication
363677,hiva_agnostic,E_n8,4851,3845,3,5,3,3,0,8,0.9648711943793911,0.9476208154572328,0.4769546601203807,duplication
363677,hiva_agnostic,E_n8,4851,3845,3,6,3,3,0,8,0.9648985959438378,0.9476614237257065,0.4824551684789517,duplication
363677,hiva_agnostic,E_n8,4851,3845,3,7,3,3,0,8,0.9648985959438378,0.9476614237257065,0.4673992032749393,duplication
363677,hiva_agnostic,E_n8,4851,3845,3,8,3,3,0,8,0.9648711943793911,0.9476208154572328,0.45648650019318876,duplication
363711,MIC,E_n8,333,1699,8,0,3,3,0,8,0.8941798941798942,0.8596803305779462,0.8895690375673428,duplication
363711,MIC,E_n8,333,1699,8,1,3,3,0,8,0.8886925795053003,0.8482615976272582,0.8971257036834215,duplication
363711,MIC,E_n8,333,1699,8,2,3,3,0,8,0.8851590106007067,0.8464966974552143,0.8910236639138376,duplication
363711,MIC,E_n8,333,1699,8,4,3,3,0,8,0.8833922261484098,0.839993185167074,0.8965191948095623,duplication
363711,MIC,E_n8,333,1699,8,5,3,3,0,8,0.9028268551236749,0.8655831408481585,0.884651530032648,duplication
363711,MIC,E_n8,333,1699,8,6,3,3,0,8,0.8888888888888888,0.8515826486932015,0.8640488854046078,duplication
363711,MIC,E_n8,333,1699,8,7,3,3,0,8,0.8869257950530035,0.8478495584010186,0.9231824506283677,duplication
363711,MIC,E_n8,333,1699,8,8,3,3,0,8,0.8869257950530035,0.8486973745547454,0.8576220262952245,duplication
363711,MIC,E_n8,333,1699,8,9,3,3,0,8,0.8835978835978836,0.8459995866408656,0.8788980570424039,duplication
363711,MIC,E_n8,333,1699,8,10,3,3,0,8,0.8957597173144877,0.8569834852520365,0.8811022639908366,duplication
363711,MIC,E_n8,333,1699,8,11,3,3,0,8,0.8869257950530035,0.8507423008156437,0.9003241474557199,duplication
363711,MIC,E_n8,333,1699,8,12,3,3,0,8,0.8959435626102292,0.8589514267703214,0.8880731672825491,duplication
363711,MIC,E_n8,333,1699,8,13,3,3,0,8,0.8851590106007067,0.8481669236353165,0.8602028134425219,duplication
363711,MIC,E_n8,333,1699,8,14,3,3,0,8,0.8869257950530035,0.8492982107938098,0.9060113407083129,duplication
363711,MIC,E_n8,333,1699,8,15,3,3,0,8,0.8888888888888888,0.8542673323893981,0.8885507400007147,duplication
363711,MIC,E_n8,333,1699,8,16,3,3,0,8,0.8904593639575972,0.849854908867021,0.886226268598584,duplication
363711,MIC,E_n8,333,1699,8,17,3,3,0,8,0.8886925795053003,0.8519653828232675,0.8755126978178923,duplication
363711,MIC,E_n8,333,1699,8,18,3,3,0,8,0.8818342151675485,0.8459274471728604,0.8837845252532818,duplication
363711,MIC,E_n8,333,1699,8,19,3,3,0,8,0.8869257950530035,0.8548652442909409,0.8869776269571903,duplication
363711,MIC,E_n8,333,1699,8,20,3,3,0,8,0.8886925795053003,0.8479124031035731,0.8807223210785112,duplication
363711,MIC,E_n8,333,1699,8,21,3,3,0,8,0.8853615520282186,0.8453197917525404,0.8819099463960446,duplication
363711,MIC,E_n8,333,1699,8,22,3,3,0,8,0.8939929328621908,0.8543567863977957,0.8930407472538882,duplication
363711,MIC,E_n8,333,1699,8,23,3,3,0,8,0.8798586572438163,0.8428487974467115,0.8973650299955103,duplication
363711,MIC,E_n8,333,1699,8,24,3,3,0,8,0.8853615520282186,0.8499852782618521,0.8931030809036054,duplication
363711,MIC,E_n8,333,1699,8,25,3,3,0,8,0.8904593639575972,0.849642058638906,0.8824972069933834,duplication
363711,MIC,E_n8,333,1699,8,26,3,3,0,8,0.8869257950530035,0.8480449803099978,0.8907168887670736,duplication
363711,MIC,E_n8,333,1699,8,27,3,3,0,8,0.8888888888888888,0.8544594314860355,0.8803164686672323,duplication
363711,MIC,E_n8,333,1699,8,28,3,3,0,8,0.8957597173144877,0.8553419155484122,0.9144315696553935,duplication
363711,MIC,E_n8,333,1699,8,29,3,3,0,8,0.8763250883392226,0.8395624766944263,0.8458005182709056,duplication
363620,Bioresponse,F_n1,3552,3751,2,0,2,1,1,1,0.7490007993605116,0.7489488350431175,0.8372819142637982,masking
363620,Bioresponse,F_n1,3552,3751,2,1,2,1,1,1,0.7568,0.756922033030473,0.8340914247993895,masking
363620,Bioresponse,F_n1,3552,3751,2,2,2,1,1,1,0.732,0.7308997693911067,0.8296331249871074,masking
363620,Bioresponse,F_n1,3552,3751,2,3,2,1,1,1,0.771382893685052,0.7716751726593075,0.8370167879040603,masking
363620,Bioresponse,F_n1,3552,3751,2,4,2,1,1,1,0.76,0.7604200542005422,0.8250085091899251,masking
363620,Bioresponse,F_n1,3552,3751,2,5,2,1,1,1,0.6704,0.6569239879713162,0.8239667780596984,masking
363620,Bioresponse,F_n1,3552,3751,2,6,2,1,1,1,0.7697841726618705,0.7698721023181455,0.8343848296241383,masking
363620,Bioresponse,F_n1,3552,3751,2,7,2,1,1,1,0.7808,0.7811445682186532,0.8492983786125379,masking
363620,Bioresponse,F_n1,3552,3751,2,8,2,1,1,1,0.7616,0.7618820478151312,0.8497960372960373,masking
363677,hiva_agnostic,F_n1,3234,3845,3,0,2,1,1,1,0.9625585023400937,0.9464903556396628,0.4531247189739848,masking
363677,hiva_agnostic,F_n1,3234,3845,3,1,2,1,1,1,0.9648985959438378,0.9476614237257065,0.44181471875865697,masking
363677,hiva_agnostic,F_n1,3234,3845,3,2,2,1,1,1,0.9648711943793911,0.9476208154572328,0.553450121018661,masking
363677,hiva_agnostic,F_n1,3234,3845,3,3,2,1,1,1,0.9641185647425897,0.9472713777494707,0.4660797764566729,masking
363677,hiva_agnostic,F_n1,3234,3845,3,4,2,1,1,1,0.9648985959438378,0.9476614237257065,0.5129890045613555,masking
363677,hiva_agnostic,F_n1,3234,3845,3,5,2,1,1,1,0.9648711943793911,0.9476208154572328,0.5255811318086773,masking
363677,hiva_agnostic,F_n1,3234,3845,3,6,2,1,1,1,0.9648985959438378,0.9476614237257065,0.47087655914675985,masking
363677,hiva_agnostic,F_n1,3234,3845,3,7,2,1,1,1,0.9648985959438378,0.9476614237257065,0.44715255800932,masking
363677,hiva_agnostic,F_n1,3234,3845,3,8,2,1,1,1,0.9648711943793911,0.9476208154572328,0.5369941007579745,masking
363711,MIC,F_n1,222,1699,8,0,2,1,1,1,0.8888888888888888,0.8516880849331931,0.8792033848679606,masking
363711,MIC,F_n1,222,1699,8,1,2,1,1,1,0.8869257950530035,0.8473262474772305,0.8746453819100637,masking
363711,MIC,F_n1,222,1699,8,2,2,1,1,1,0.8869257950530035,0.8501372277749623,0.8846932307751192,masking
363711,MIC,F_n1,222,1699,8,4,2,1,1,1,0.8798586572438163,0.8427650789284312,0.8828708560230533,masking
363711,MIC,F_n1,222,1699,8,5,2,1,1,1,0.8992932862190812,0.8609457218910673,0.860512576189515,masking
363711,MIC,F_n1,222,1699,8,6,2,1,1,1,0.890652557319224,0.8556396587025924,0.8535893559801453,masking
363711,MIC,F_n1,222,1699,8,7,2,1,1,1,0.8798586572438163,0.8446910606776104,0.9125748624089294,masking
363711,MIC,F_n1,222,1699,8,8,2,1,1,1,0.8886925795053003,0.8505297962648678,0.8485302405289471,masking
363711,MIC,F_n1,222,1699,8,9,2,1,1,1,0.8835978835978836,0.8469824150309488,0.8706008467023225,masking
363711,MIC,F_n1,222,1699,8,10,2,1,1,1,0.892226148409894,0.8563004108816084,0.8869501360636372,masking
363711,MIC,F_n1,222,1699,8,11,2,1,1,1,0.8833922261484098,0.8501929986615212,0.898895793011131,masking
363711,MIC,F_n1,222,1699,8,12,2,1,1,1,0.8853615520282186,0.8514463573326674,0.8643531465982376,masking
363711,MIC,F_n1,222,1699,8,13,2,1,1,1,0.8763250883392226,0.8431195957143929,0.8699481515074685,masking
363711,MIC,F_n1,222,1699,8,14,2,1,1,1,0.8833922261484098,0.8484531422454642,0.8937825075467771,masking
363711,MIC,F_n1,222,1699,8,15,2,1,1,1,0.8888888888888888,0.8537862520406998,0.888268289709385,masking
363711,MIC,F_n1,222,1699,8,16,2,1,1,1,0.8851590106007067,0.8435278155779229,0.8806920463458054,masking
363711,MIC,F_n1,222,1699,8,17,2,1,1,1,0.8833922261484098,0.8542119569104877,0.8707338916112992,masking
363711,MIC,F_n1,222,1699,8,18,2,1,1,1,0.8694885361552028,0.8357933215597722,0.8769363392278784,masking
363711,MIC,F_n1,222,1699,8,19,2,1,1,1,0.8798586572438163,0.8517303925428579,0.870860838196455,masking
363711,MIC,F_n1,222,1699,8,20,2,1,1,1,0.8851590106007067,0.8478568396381531,0.8795332778735534,masking
363711,MIC,F_n1,222,1699,8,21,2,1,1,1,0.8800705467372134,0.8434682944159447,0.8782492941402169,masking
363711,MIC,F_n1,222,1699,8,22,2,1,1,1,0.8886925795053003,0.8531183046938955,0.8763631971130743,masking
363711,MIC,F_n1,222,1699,8,23,2,1,1,1,0.8904593639575972,0.8581602473336485,0.8793186037838543,masking
363711,MIC,F_n1,222,1699,8,24,2,1,1,1,0.8835978835978836,0.847348489974236,0.8746523278649112,masking
363711,MIC,F_n1,222,1699,8,25,2,1,1,1,0.8869257950530035,0.8500511595147616,0.8686447400606065,masking
363711,MIC,F_n1,222,1699,8,26,2,1,1,1,0.8816254416961131,0.8486763205594882,0.8905290100846937,masking
363711,MIC,F_n1,222,1699,8,27,2,1,1,1,0.8871252204585538,0.8579847610580471,0.8679503930602062,masking
363711,MIC,F_n1,222,1699,8,28,2,1,1,1,0.8975265017667845,0.8633930370649686,0.9158274539732849,masking
363711,MIC,F_n1,222,1699,8,29,2,1,1,1,0.8780918727915195,0.8430277561343227,0.8399085325253035,masking
363620,Bioresponse,F_n8,3552,3751,2,0,2,1,1,8,0.8025579536370904,0.80245824423171,0.8752451775316994,masking
363620,Bioresponse,F_n8,3552,3751,2,1,2,1,1,8,0.7712,0.7700397596095084,0.8445267858984673,masking
363620,Bioresponse,F_n8,3552,3751,2,2,2,1,1,8,0.7952,0.7955687383302215,0.8674951523402851,masking
363620,Bioresponse,F_n8,3552,3751,2,3,2,1,1,8,0.7745803357314148,0.7739412079626495,0.8502949852507373,masking
363620,Bioresponse,F_n8,3552,3751,2,4,2,1,1,8,0.776,0.7749239503400086,0.862812519339068,masking
363620,Bioresponse,F_n8,3552,3751,2,5,2,1,1,8,0.7904,0.7907060245901639,0.8787492006518556,masking
363620,Bioresponse,F_n8,3552,3751,2,6,2,1,1,8,0.7825739408473221,0.7828995909033472,0.8624328818463092,masking
363620,Bioresponse,F_n8,3552,3751,2,7,2,1,1,8,0.7704,0.7708110462220666,0.8597169791860058,masking
363620,Bioresponse,F_n8,3552,3751,2,8,2,1,1,8,0.7928,0.7931725856609946,0.8680985312622482,masking
363677,hiva_agnostic,F_n8,3234,3845,3,0,2,1,1,8,0.9648985959438378,0.9476614237257065,0.4538921112637449,masking
363677,hiva_agnostic,F_n8,3234,3845,3,1,2,1,1,8,0.9648985959438378,0.9476614237257065,0.5300901095287366,masking
363677,hiva_agnostic,F_n8,3234,3845,3,2,2,1,1,8,0.9648711943793911,0.9476208154572328,0.44146133288837347,masking
363677,hiva_agnostic,F_n8,3234,3845,3,3,2,1,1,8,0.9648985959438378,0.9476614237257065,0.4752659594056121,masking
363677,hiva_agnostic,F_n8,3234,3845,3,4,2,1,1,8,0.9648985959438378,0.9476614237257065,0.4927226304119155,masking
363677,hiva_agnostic,F_n8,3234,3845,3,5,2,1,1,8,0.9648711943793911,0.9476208154572328,0.5516447756021199,masking
363677,hiva_agnostic,F_n8,3234,3845,3,6,2,1,1,8,0.9648985959438378,0.9476614237257065,0.5039605598382523,masking
363677,hiva_agnostic,F_n8,3234,3845,3,7,2,1,1,8,0.9648985959438378,0.9476614237257065,0.4695386916286897,masking
363677,hiva_agnostic,F_n8,3234,3845,3,8,2,1,1,8,0.9648711943793911,0.9476208154572328,0.5881032698763319,masking
363711,MIC,F_n8,222,1699,8,0,2,1,1,8,0.8888888888888888,0.8534390075608714,0.8852991656754845,masking
363711,MIC,F_n8,222,1699,8,1,2,1,1,8,0.8886925795053003,0.8485377417120941,0.8965431236966844,masking
363711,MIC,F_n8,222,1699,8,2,2,1,1,8,0.8851590106007067,0.8458345468849365,0.8894403744543189,masking
363711,MIC,F_n8,222,1699,8,4,2,1,1,8,0.8833922261484098,0.839993185167074,0.893242819592247,masking
363711,MIC,F_n8,222,1699,8,5,2,1,1,8,0.8992932862190812,0.8644912320455188,0.8783556844428498,masking
363711,MIC,F_n8,222,1699,8,6,2,1,1,8,0.8888888888888888,0.8509449754834805,0.8660211182960227,masking
363711,MIC,F_n8,222,1699,8,7,2,1,1,8,0.8851590106007067,0.84723860137318,0.921291595531163,masking
363711,MIC,F_n8,222,1699,8,8,2,1,1,8,0.8851590106007067,0.8459273086213509,0.858454155391946,masking
363711,MIC,F_n8,222,1699,8,9,2,1,1,8,0.8853615520282186,0.8477355700298695,0.8834428199600437,masking
363711,MIC,F_n8,222,1699,8,10,2,1,1,8,0.8957597173144877,0.8563139669332713,0.8813655860680907,masking
363711,MIC,F_n8,222,1699,8,11,2,1,1,8,0.8833922261484098,0.8474101919580446,0.904450156354223,masking
363711,MIC,F_n8,222,1699,8,12,2,1,1,8,0.8941798941798942,0.8549719895387852,0.8909182779371293,masking
363711,MIC,F_n8,222,1699,8,13,2,1,1,8,0.8833922261484098,0.8498525327156167,0.8667239717285147,masking
363711,MIC,F_n8,222,1699,8,14,2,1,1,8,0.8869257950530035,0.8492982107938098,0.9053294030024833,masking
363711,MIC,F_n8,222,1699,8,15,2,1,1,8,0.8888888888888888,0.8543293822042561,0.8882383813470273,masking
363711,MIC,F_n8,222,1699,8,16,2,1,1,8,0.8869257950530035,0.8467080275920571,0.8915604762425451,masking
363711,MIC,F_n8,222,1699,8,17,2,1,1,8,0.8904593639575972,0.8580133606453602,0.8772822728564413,masking
363711,MIC,F_n8,222,1699,8,18,2,1,1,8,0.8818342151675485,0.845002771478962,0.8899552383557348,masking
363711,MIC,F_n8,222,1699,8,19,2,1,1,8,0.8904593639575972,0.8599966008741335,0.8892996676288744,masking
363711,MIC,F_n8,222,1699,8,20,2,1,1,8,0.8886925795053003,0.8479124031035731,0.8815963306545977,masking
363711,MIC,F_n8,222,1699,8,21,2,1,1,8,0.8853615520282186,0.8461165258826078,0.8755334431063656,masking
363711,MIC,F_n8,222,1699,8,22,2,1,1,8,0.8939929328621908,0.8551474220145142,0.8883244566255623,masking
363711,MIC,F_n8,222,1699,8,23,2,1,1,8,0.8816254416961131,0.8470143845730924,0.8954857743009182,masking
363711,MIC,F_n8,222,1699,8,24,2,1,1,8,0.8871252204585538,0.8530944905213911,0.8924166079096634,masking
363711,MIC,F_n8,222,1699,8,25,2,1,1,8,0.8886925795053003,0.8487588134231243,0.8842312777576407,masking
363711,MIC,F_n8,222,1699,8,26,2,1,1,8,0.892226148409894,0.8565149681374297,0.8976249535438123,masking
363711,MIC,F_n8,222,1699,8,27,2,1,1,8,0.890652557319224,0.8554890040360799,0.8896138189250781,masking
363711,MIC,F_n8,222,1699,8,28,2,1,1,8,0.8975265017667845,0.8582479275886801,0.9125963835643542,masking
363711,MIC,F_n8,222,1699,8,29,2,1,1,8,0.8763250883392226,0.8395624766944263,0.8397711334602266,masking
363620,Bioresponse,G_n1,5328,3751,2,0,3,1,2,1,0.7330135891286971,0.7332439298641609,0.8076032062271231,masking
363620,Bioresponse,G_n1,5328,3751,2,1,3,1,2,1,0.7128,0.712819436987383,0.7811719990923531,masking
363620,Bioresponse,G_n1,5328,3751,2,2,3,1,2,1,0.7104,0.7099328135202612,0.7972285826268127,masking
363620,Bioresponse,G_n1,5328,3751,2,3,3,1,2,1,0.7513988808952837,0.7518257635928537,0.8069403903277785,masking
363620,Bioresponse,G_n1,5328,3751,2,4,3,1,2,1,0.7056,0.6993245675529339,0.8169015718794479,masking
363620,Bioresponse,G_n1,5328,3751,2,5,3,1,2,1,0.7488,0.7490971913219839,0.8243587165047342,masking
363620,Bioresponse,G_n1,5328,3751,2,6,3,1,2,1,0.6690647482014388,0.661294936444198,0.7905604719764012,masking
363620,Bioresponse,G_n1,5328,3751,2,7,3,1,2,1,0.712,0.7109904679908985,0.8010590073643171,masking
363620,Bioresponse,G_n1,5328,3751,2,8,3,1,2,1,0.684,0.6724602945154473,0.7954042638777152,masking
363677,hiva_agnostic,G_n1,4851,3845,3,0,3,1,2,1,0.9648985959438378,0.9476614237257065,0.4108089999863136,masking
363677,hiva_agnostic,G_n1,4851,3845,3,1,3,1,2,1,0.9648985959438378,0.9476614237257065,0.42651090178513856,masking
363677,hiva_agnostic,G_n1,4851,3845,3,2,3,1,2,1,0.9648711943793911,0.9476208154572328,0.46628350884917086,masking
363677,hiva_agnostic,G_n1,4851,3845,3,3,3,1,2,1,0.9633385335413417,0.9468810218439728,0.47638003862870465,masking
363677,hiva_agnostic,G_n1,4851,3845,3,4,3,1,2,1,0.9422776911076443,0.9373439306576801,0.4833727479246737,masking
363677,hiva_agnostic,G_n1,4851,3845,3,5,3,1,2,1,0.9648711943793911,0.9476208154572328,0.48704479091721,masking
363677,hiva_agnostic,G_n1,4851,3845,3,6,3,1,2,1,0.3416536661466459,0.48383840219387786,0.5109737019281302,masking
363677,hiva_agnostic,G_n1,4851,3845,3,7,3,1,2,1,0.8455538221528861,0.8852538969914769,0.46929471981274123,masking
363677,hiva_agnostic,G_n1,4851,3845,3,8,3,1,2,1,0.9648711943793911,0.9476208154572328,0.5483315991129484,masking
363711,MIC,G_n1,333,1699,8,0,3,1,2,1,0.8888888888888888,0.8572665848653046,0.8872763722816741,masking
363711,MIC,G_n1,333,1699,8,1,3,1,2,1,0.8798586572438163,0.8480133118657952,0.8736034549234484,masking
363711,MIC,G_n1,333,1699,8,2,3,1,2,1,0.8851590106007067,0.8506031325228138,0.8724261140670484,masking
363711,MIC,G_n1,333,1699,8,4,3,1,2,1,0.8869257950530035,0.852933287922006,0.8798603311597184,masking
363711,MIC,G_n1,333,1699,8,5,3,1,2,1,0.8992932862190812,0.866038599536513,0.8593423558575453,masking
363711,MIC,G_n1,333,1699,8,6,3,1,2,1,0.8871252204585538,0.8502128213188973,0.8595697334878956,masking
363711,MIC,G_n1,333,1699,8,7,3,1,2,1,0.8833922261484098,0.8514641889014216,0.8978178659766003,masking
363711,MIC,G_n1,333,1699,8,8,3,1,2,1,0.8904593639575972,0.856577302928904,0.8577082783332364,masking
363711,MIC,G_n1,333,1699,8,9,3,1,2,1,0.8835978835978836,0.8489617067566014,0.8640156957929044,masking
363711,MIC,G_n1,333,1699,8,10,3,1,2,1,0.8886925795053003,0.8499399868533397,0.8733312426409992,masking
363711,MIC,G_n1,333,1699,8,11,3,1,2,1,0.8851590106007067,0.8553398320040021,0.8841402950723773,masking
363711,MIC,G_n1,333,1699,8,12,3,1,2,1,0.8871252204585538,0.8538906807904074,0.878404674067895,masking
363711,MIC,G_n1,333,1699,8,13,3,1,2,1,0.8692579505300353,0.8398102564437203,0.8694446666267723,masking
363711,MIC,G_n1,333,1699,8,14,3,1,2,1,0.8780918727915195,0.8432788699778627,0.8832649156248401,masking
363711,MIC,G_n1,333,1699,8,15,3,1,2,1,0.8853615520282186,0.851116326526598,0.8944605970380484,masking
363711,MIC,G_n1,333,1699,8,16,3,1,2,1,0.8816254416961131,0.8468680388532416,0.8658286404111424,masking
363711,MIC,G_n1,333,1699,8,17,3,1,2,1,0.8833922261484098,0.8481800567422706,0.8606068040838396,masking
363711,MIC,G_n1,333,1699,8,18,3,1,2,1,0.8694885361552028,0.8376712450786525,0.8689966269799765,masking
363711,MIC,G_n1,333,1699,8,19,3,1,2,1,0.8780918727915195,0.8511157059418172,0.8734373532836082,masking
363711,MIC,G_n1,333,1699,8,20,3,1,2,1,0.8869257950530035,0.8496353657619728,0.8821404869953408,masking
363711,MIC,G_n1,333,1699,8,21,3,1,2,1,0.8835978835978836,0.8458900427650332,0.8710703251865567,masking
363711,MIC,G_n1,333,1699,8,22,3,1,2,1,0.8886925795053003,0.8523530898461158,0.8599648672169149,masking
363711,MIC,G_n1,333,1699,8,23,3,1,2,1,0.8780918727915195,0.8432431846306695,0.8856855651515965,masking
363711,MIC,G_n1,333,1699,8,24,3,1,2,1,0.8835978835978836,0.8469416220804423,0.8740659011225387,masking
363711,MIC,G_n1,333,1699,8,25,3,1,2,1,0.8833922261484098,0.8463767480790304,0.8611189146374298,masking
363711,MIC,G_n1,333,1699,8,26,3,1,2,1,0.8798586572438163,0.8437555940332567,0.8769558377532416,masking
363711,MIC,G_n1,333,1699,8,27,3,1,2,1,0.8783068783068783,0.8491750922088386,0.889079912723555,masking
363711,MIC,G_n1,333,1699,8,28,3,1,2,1,0.8939929328621908,0.8579484528969826,0.9036492321622824,masking
363711,MIC,G_n1,333,1699,8,29,3,1,2,1,0.8763250883392226,0.8444832635180414,0.830485441195375,masking
363620,Bioresponse,G_n8,5328,3751,2,0,3,1,2,8,0.7921662669864109,0.7912301931247119,0.8669027063481031,masking
363620,Bioresponse,G_n8,5328,3751,2,1,3,1,2,8,0.776,0.7748641003170013,0.8471633455040534,masking
363620,Bioresponse,G_n8,5328,3751,2,2,3,1,2,8,0.7872,0.7868929983634149,0.8640334591662026,masking
363620,Bioresponse,G_n8,5328,3751,2,3,3,1,2,8,0.7737809752198241,0.7727910384760126,0.8486450241187766,masking
363620,Bioresponse,G_n8,5328,3751,2,4,3,1,2,8,0.7832,0.7835768363927313,0.8570520556140026,masking
363620,Bioresponse,G_n8,5328,3751,2,5,3,1,2,8,0.7936,0.7925533495778083,0.8763679167440229,masking
363620,Bioresponse,G_n8,5328,3751,2,6,3,1,2,8,0.7777777777777778,0.776280886927346,0.8574495359001684,masking
363620,Bioresponse,G_n8,5328,3751,2,7,3,1,2,8,0.7872,0.7865911554330023,0.8589150524991234,masking
363620,Bioresponse,G_n8,5328,3751,2,8,3,1,2,8,0.7776,0.7753549651771005,0.8710406481424179,masking
363677,hiva_agnostic,G_n8,4851,3845,3,0,3,1,2,8,0.9648985959438378,0.9476614237257065,0.48173186268524715,masking
363677,hiva_agnostic,G_n8,4851,3845,3,1,3,1,2,8,0.9648985959438378,0.9476614237257065,0.4547985949780074,masking
363677,hiva_agnostic,G_n8,4851,3845,3,2,3,1,2,8,0.9648711943793911,0.9476208154572328,0.4298027118797633,masking
363677,hiva_agnostic,G_n8,4851,3845,3,3,3,1,2,8,0.9648985959438378,0.9476614237257065,0.42758850606489734,masking
363677,hiva_agnostic,G_n8,4851,3845,3,4,3,1,2,8,0.9648985959438378,0.9476614237257065,0.48580158338051943,masking
363677,hiva_agnostic,G_n8,4851,3845,3,5,3,1,2,8,0.9648711943793911,0.9476208154572328,0.4622856974956148,masking
363677,hiva_agnostic,G_n8,4851,3845,3,6,3,1,2,8,0.9648985959438378,0.9476614237257065,0.4538082601241726,masking
363677,hiva_agnostic,G_n8,4851,3845,3,7,3,1,2,8,0.9648985959438378,0.9476614237257065,0.4699494239612895,masking
363677,hiva_agnostic,G_n8,4851,3845,3,8,3,1,2,8,0.9648711943793911,0.9476208154572328,0.48444014328887275,masking
363711,MIC,G_n8,333,1699,8,0,3,1,2,8,0.892416225749559,0.8573700625671951,0.8880663208816216,masking
363711,MIC,G_n8,333,1699,8,1,3,1,2,8,0.8886925795053003,0.8493455432240083,0.8919589120403748,masking
363711,MIC,G_n8,333,1699,8,2,3,1,2,8,0.8833922261484098,0.8437248264103387,0.8897675581212586,masking
363711,MIC,G_n8,333,1699,8,4,3,1,2,8,0.8851590106007067,0.8460213004479427,0.8950388819069188,masking
363711,MIC,G_n8,333,1699,8,5,3,1,2,8,0.901060070671378,0.862295303533586,0.8790564867644097,masking
363711,MIC,G_n8,333,1699,8,6,3,1,2,8,0.890652557319224,0.8544045181817376,0.8714031913961301,masking
363711,MIC,G_n8,333,1699,8,7,3,1,2,8,0.8833922261484098,0.8476818027098466,0.9200216766916904,masking
363711,MIC,G_n8,333,1699,8,8,3,1,2,8,0.8869257950530035,0.8475217238587895,0.858077568763068,masking
363711,MIC,G_n8,333,1699,8,9,3,1,2,8,0.8818342151675485,0.8423482893754872,0.883618789353539,masking
363711,MIC,G_n8,333,1699,8,10,3,1,2,8,0.892226148409894,0.8514599591222243,0.8839734676837946,masking
363711,MIC,G_n8,333,1699,8,11,3,1,2,8,0.8816254416961131,0.8479000764116273,0.8993997888306704,masking
363711,MIC,G_n8,333,1699,8,12,3,1,2,8,0.8941798941798942,0.8581788864418302,0.8807668744648622,masking
363711,MIC,G_n8,333,1699,8,13,3,1,2,8,0.8851590106007067,0.8505500340080857,0.8664086223754381,masking
363711,MIC,G_n8,333,1699,8,14,3,1,2,8,0.8851590106007067,0.8473455721529288,0.9042237565067714,masking
363711,MIC,G_n8,333,1699,8,15,3,1,2,8,0.8871252204585538,0.8529333572265676,0.8957096267157463,masking
363711,MIC,G_n8,333,1699,8,16,3,1,2,8,0.8904593639575972,0.8511177294352721,0.8937672915122231,masking
363711,MIC,G_n8,333,1699,8,17,3,1,2,8,0.8886925795053003,0.8546424081953331,0.878551908836821,masking
363711,MIC,G_n8,333,1699,8,18,3,1,2,8,0.8783068783068783,0.8444442265058062,0.8846605912060039,masking
363711,MIC,G_n8,333,1699,8,19,3,1,2,8,0.8886925795053003,0.8603053198938303,0.8893480712172581,masking
363711,MIC,G_n8,333,1699,8,20,3,1,2,8,0.8904593639575972,0.8496113715869938,0.8804240211643337,masking
363711,MIC,G_n8,333,1699,8,21,3,1,2,8,0.8835978835978836,0.8462369378626923,0.8858162772889624,masking
363711,MIC,G_n8,333,1699,8,22,3,1,2,8,0.892226148409894,0.8516272907454318,0.8879582468670308,masking
363711,MIC,G_n8,333,1699,8,23,3,1,2,8,0.8816254416961131,0.8477098453581944,0.9009325376387811,masking
363711,MIC,G_n8,333,1699,8,24,3,1,2,8,0.8871252204585538,0.8515207072482615,0.8868655440274513,masking
363711,MIC,G_n8,333,1699,8,25,3,1,2,8,0.8904593639575972,0.8508697961293611,0.8874904558066192,masking
363711,MIC,G_n8,333,1699,8,26,3,1,2,8,0.8816254416961131,0.8460075124355956,0.894086385765235,masking
363711,MIC,G_n8,333,1699,8,27,3,1,2,8,0.8871252204585538,0.8525317996413628,0.8887058608341838,masking
363711,MIC,G_n8,333,1699,8,28,3,1,2,8,0.8992932862190812,0.8618496881738887,0.913762850280573,masking
363711,MIC,G_n8,333,1699,8,29,3,1,2,8,0.8763250883392226,0.8395624766944263,0.8363234088144167,masking
363620,Bioresponse,H_n1,5328,3751,2,0,3,2,1,1,0.7601918465227818,0.7605866492622159,0.852894768001565,mixed
363620,Bioresponse,H_n1,5328,3751,2,1,3,2,1,1,0.6792,0.6672748394351579,0.8186794768653176,mixed
363620,Bioresponse,H_n1,5328,3751,2,2,3,2,1,1,0.7232,0.717571831029671,0.8338232563896281,mixed
363620,Bioresponse,H_n1,5328,3751,2,3,3,2,1,1,0.7665867306155076,0.766809893888365,0.8445960555375372,mixed
363620,Bioresponse,H_n1,5328,3751,2,4,3,2,1,1,0.6584,0.6413104029130936,0.8076613651834892,mixed
363620,Bioresponse,H_n1,5328,3751,2,5,3,2,1,1,0.74,0.7393481931714926,0.8191281432431875,mixed
363620,Bioresponse,H_n1,5328,3751,2,6,3,2,1,1,0.7434052757793765,0.7362021833374434,0.8349562670208548,mixed
363620,Bioresponse,H_n1,5328,3751,2,7,3,2,1,1,0.7328,0.7328702389542915,0.8096919673247107,mixed
363620,Bioresponse,H_n1,5328,3751,2,8,3,2,1,1,0.692,0.6839009798664262,0.8152758008952701,mixed
363677,hiva_agnostic,H_n1,4851,3845,3,0,3,2,1,1,0.9648985959438378,0.9476614237257065,0.51068314005303,mixed
363677,hiva_agnostic,H_n1,4851,3845,3,1,3,2,1,1,0.9648985959438378,0.9476614237257065,0.5504018188142451,mixed
363677,hiva_agnostic,H_n1,4851,3845,3,2,3,2,1,1,0.9648711943793911,0.9476208154572328,0.39814507807480154,mixed
363677,hiva_agnostic,H_n1,4851,3845,3,3,3,2,1,1,0.9648985959438378,0.9476614237257065,0.5360126213960907,mixed
363677,hiva_agnostic,H_n1,4851,3845,3,4,3,2,1,1,0.9648985959438378,0.9476614237257065,0.4551647211150598,mixed
363677,hiva_agnostic,H_n1,4851,3845,3,5,3,2,1,1,0.9601873536299765,0.9452740494517332,0.5433923131053197,mixed
363677,hiva_agnostic,H_n1,4851,3845,3,6,3,2,1,1,0.9648985959438378,0.9476614237257065,0.4562925908178177,mixed
363677,hiva_agnostic,H_n1,4851,3845,3,7,3,2,1,1,0.9648985959438378,0.9476614237257065,0.5916193319508638,mixed
363677,hiva_agnostic,H_n1,4851,3845,3,8,3,2,1,1,0.9648711943793911,0.9476208154572328,0.5427152021630023,mixed
363711,MIC,H_n1,333,1699,8,0,3,2,1,1,0.892416225749559,0.8582674407143911,0.877000580053242,mixed
363711,MIC,H_n1,333,1699,8,1,3,2,1,1,0.8886925795053003,0.8536397545040704,0.8783898327616453,mixed
363711,MIC,H_n1,333,1699,8,2,3,2,1,1,0.8851590106007067,0.8488208502439181,0.8795128180597721,mixed
363711,MIC,H_n1,333,1699,8,4,3,2,1,1,0.8833922261484098,0.8459428550540101,0.8893719694368222,mixed
363711,MIC,H_n1,333,1699,8,5,3,2,1,1,0.901060070671378,0.86881763797314,0.8593646050225364,mixed
363711,MIC,H_n1,333,1699,8,6,3,2,1,1,0.8888888888888888,0.8546743976851505,0.8561306588422811,mixed
363711,MIC,H_n1,333,1699,8,7,3,2,1,1,0.8816254416961131,0.849656834109131,0.9131075978818374,mixed
363711,MIC,H_n1,333,1699,8,8,3,2,1,1,0.8851590106007067,0.8505676642591256,0.8471953672973724,mixed
363711,MIC,H_n1,333,1699,8,9,3,2,1,1,0.8835978835978836,0.8515506628952059,0.8693884821604592,mixed
363711,MIC,H_n1,333,1699,8,10,3,2,1,1,0.8904593639575972,0.8542314188714641,0.8705030188291721,mixed
363711,MIC,H_n1,333,1699,8,11,3,2,1,1,0.8833922261484098,0.8523183071236325,0.8932395527994668,mixed
363711,MIC,H_n1,333,1699,8,12,3,2,1,1,0.892416225749559,0.8587310653327155,0.8807101621776399,mixed
363711,MIC,H_n1,333,1699,8,13,3,2,1,1,0.8745583038869258,0.8442215961672158,0.8668459265719023,mixed
363711,MIC,H_n1,333,1699,8,14,3,2,1,1,0.8833922261484098,0.8475309316159935,0.8941218613934829,mixed
363711,MIC,H_n1,333,1699,8,15,3,2,1,1,0.8835978835978836,0.8490426763331248,0.8825643750045311,mixed
363711,MIC,H_n1,333,1699,8,16,3,2,1,1,0.8869257950530035,0.8481984548603883,0.8807381669155662,mixed
363711,MIC,H_n1,333,1699,8,17,3,2,1,1,0.8886925795053003,0.8595256223614994,0.8716902479281191,mixed
363711,MIC,H_n1,333,1699,8,18,3,2,1,1,0.873015873015873,0.8408386828909968,0.8762778081254383,mixed
363711,MIC,H_n1,333,1699,8,19,3,2,1,1,0.8816254416961131,0.8497676286694047,0.8766312147903343,mixed
363711,MIC,H_n1,333,1699,8,20,3,2,1,1,0.8904593639575972,0.8542306001143682,0.8677946693953276,mixed
363711,MIC,H_n1,333,1699,8,21,3,2,1,1,0.8800705467372134,0.8422249592864572,0.8611916208145768,mixed
363711,MIC,H_n1,333,1699,8,22,3,2,1,1,0.8886925795053003,0.8497573977245312,0.8755222253628177,mixed
363711,MIC,H_n1,333,1699,8,23,3,2,1,1,0.8886925795053003,0.859573348974502,0.8840832928603886,mixed
363711,MIC,H_n1,333,1699,8,24,3,2,1,1,0.8835978835978836,0.8494591952883072,0.8745537101564085,mixed
363711,MIC,H_n1,333,1699,8,25,3,2,1,1,0.8869257950530035,0.8534209159960712,0.8628215381416686,mixed
363711,MIC,H_n1,333,1699,8,26,3,2,1,1,0.8798586572438163,0.8441692848313925,0.8699121770439434,mixed
363711,MIC,H_n1,333,1699,8,27,3,2,1,1,0.8783068783068783,0.8500265269967303,0.8739583890598014,mixed
363711,MIC,H_n1,333,1699,8,28,3,2,1,1,0.8957597173144877,0.8559164795979397,0.9097002797214992,mixed
363711,MIC,H_n1,333,1699,8,29,3,2,1,1,0.8763250883392226,0.8433777903198447,0.8308315873351668,mixed
363620,Bioresponse,H_n8,5328,3751,2,0,3,2,1,8,0.8081534772182254,0.8078439227221222,0.8812156687104563,mixed
363620,Bioresponse,H_n8,5328,3751,2,1,3,2,1,8,0.792,0.79217239240275,0.8617166388184088,mixed
363620,Bioresponse,H_n8,5328,3751,2,2,3,2,1,8,0.784,0.7836065909673013,0.8680237535326031,mixed
363620,Bioresponse,H_n8,5328,3751,2,3,3,2,1,8,0.78017585931255,0.780533807415619,0.8554044592709282,mixed
363620,Bioresponse,H_n8,5328,3751,2,4,3,2,1,8,0.8,0.7998822849118169,0.8701987540483117,mixed
363620,Bioresponse,H_n8,5328,3751,2,5,3,2,1,8,0.792,0.792,0.877448326010273,mixed
363620,Bioresponse,H_n8,5328,3751,2,6,3,2,1,8,0.7857713828936851,0.7855774973449254,0.863674857269353,mixed
363620,Bioresponse,H_n8,5328,3751,2,7,3,2,1,8,0.7792,0.7795098318187426,0.8641185510654539,mixed
363620,Bioresponse,H_n8,5328,3751,2,8,3,2,1,8,0.7856,0.7857767563803203,0.8680895063638427,mixed
363677,hiva_agnostic,H_n8,4851,3845,3,0,3,2,1,8,0.9648985959438378,0.9476614237257065,0.4844373946100951,mixed
363677,hiva_agnostic,H_n8,4851,3845,3,1,3,2,1,8,0.9648985959438378,0.9476614237257065,0.438606886020443,mixed
363677,hiva_agnostic,H_n8,4851,3845,3,2,3,2,1,8,0.9648711943793911,0.9476208154572328,0.4658743641917546,mixed
363677,hiva_agnostic,H_n8,4851,3845,3,3,3,2,1,8,0.9648985959438378,0.9476614237257065,0.48482004283368724,mixed
363677,hiva_agnostic,H_n8,4851,3845,3,4,3,2,1,8,0.9648985959438378,0.9476614237257065,0.4781052447466896,mixed
363677,hiva_agnostic,H_n8,4851,3845,3,5,3,2,1,8,0.9648711943793911,0.9476208154572328,0.5044934274357691,mixed
363677,hiva_agnostic,H_n8,4851,3845,3,6,3,2,1,8,0.9648985959438378,0.9476614237257065,0.5201582499779251,mixed
363677,hiva_agnostic,H_n8,4851,3845,3,7,3,2,1,8,0.9648985959438378,0.9476614237257065,0.4807239704481246,mixed
363677,hiva_agnostic,H_n8,4851,3845,3,8,3,2,1,8,0.9648711943793911,0.9476208154572328,0.537052061464996,mixed
363711,MIC,H_n8,333,1699,8,0,3,2,1,8,0.892416225749559,0.8586372819158499,0.8847866065534882,mixed
363711,MIC,H_n8,333,1699,8,1,3,2,1,8,0.8886925795053003,0.8498755785596974,0.8948382636145893,mixed
363711,MIC,H_n8,333,1699,8,2,3,2,1,8,0.8851590106007067,0.8451877599175047,0.8855274279238448,mixed
363711,MIC,H_n8,333,1699,8,4,3,2,1,8,0.8851590106007067,0.844774642598708,0.8802221259233721,mixed
363711,MIC,H_n8,333,1699,8,5,3,2,1,8,0.901060070671378,0.8649903325245908,0.8870103395614046,mixed
363711,MIC,H_n8,333,1699,8,6,3,2,1,8,0.8888888888888888,0.8519890419115297,0.8648785031241073,mixed
363711,MIC,H_n8,333,1699,8,7,3,2,1,8,0.8833922261484098,0.8475955965839701,0.9163817096345843,mixed
363711,MIC,H_n8,333,1699,8,8,3,2,1,8,0.8851590106007067,0.8467366615419262,0.8540506055031767,mixed
363711,MIC,H_n8,333,1699,8,9,3,2,1,8,0.8835978835978836,0.8466498464350619,0.8757535218490669,mixed
363711,MIC,H_n8,333,1699,8,10,3,2,1,8,0.8957597173144877,0.8563139669332713,0.8816596986902239,mixed
363711,MIC,H_n8,333,1699,8,11,3,2,1,8,0.8798586572438163,0.846164316291781,0.9015561819284108,mixed
363711,MIC,H_n8,333,1699,8,12,3,2,1,8,0.8941798941798942,0.8557768235957182,0.8811590743466644,mixed
363711,MIC,H_n8,333,1699,8,13,3,2,1,8,0.8780918727915195,0.8439176846112415,0.8601479491773936,mixed
363711,MIC,H_n8,333,1699,8,14,3,2,1,8,0.8851590106007067,0.8473455721529288,0.9079778241730267,mixed
363711,MIC,H_n8,333,1699,8,15,3,2,1,8,0.890652557319224,0.8557170048486457,0.8910823401801167,mixed
363711,MIC,H_n8,333,1699,8,16,3,2,1,8,0.8886925795053003,0.8486140399998583,0.8844658604654728,mixed
363711,MIC,H_n8,333,1699,8,17,3,2,1,8,0.892226148409894,0.8595091484477894,0.8677087461514211,mixed
363711,MIC,H_n8,333,1699,8,18,3,2,1,8,0.8765432098765432,0.8409136310370878,0.8783226904773169,mixed
363711,MIC,H_n8,333,1699,8,19,3,2,1,8,0.8886925795053003,0.8595354489325173,0.8855571169252303,mixed
363711,MIC,H_n8,333,1699,8,20,3,2,1,8,0.8886925795053003,0.8479124031035731,0.8812049060811753,mixed
363711,MIC,H_n8,333,1699,8,21,3,2,1,8,0.8835978835978836,0.845234162037281,0.8660925520706999,mixed
363711,MIC,H_n8,333,1699,8,22,3,2,1,8,0.8975265017667845,0.8598344282485341,0.8902468591752055,mixed
363711,MIC,H_n8,333,1699,8,23,3,2,1,8,0.8833922261484098,0.8481859239153484,0.8934434178122399,mixed
363711,MIC,H_n8,333,1699,8,24,3,2,1,8,0.8888888888888888,0.8549325157863609,0.885999364282239,mixed
363711,MIC,H_n8,333,1699,8,25,3,2,1,8,0.8869257950530035,0.8452537829564792,0.8856545576468045,mixed
363711,MIC,H_n8,333,1699,8,26,3,2,1,8,0.8886925795053003,0.8506036215936581,0.8806743525983209,mixed
363711,MIC,H_n8,333,1699,8,27,3,2,1,8,0.890652557319224,0.8542591265012751,0.8812961338102202,mixed
363711,MIC,H_n8,333,1699,8,28,3,2,1,8,0.8975265017667845,0.8600354153265265,0.909408639552178,mixed
363711,MIC,H_n8,333,1699,8,29,3,2,1,8,0.8763250883392226,0.8395624766944263,0.8362050460666295,mixed
